ID,Class
Sample_1_NR_CF,hard-to-crystallize
Sample_3_NR_CF,hard-to-crystallize
Sample_11_NR_CF,hard-to-crystallize
Sample_14_NR_CF,hard-to-crystallize
Sample_15_NR_CF,hard-to-crystallize
Sample_16_NR_CF,hard-to-crystallize
Sample_17_NR_CF,hard-to-crystallize
Sample_18_NR_CF,hard-to-crystallize
Sample_19_NR_CF,hard-to-crystallize
Sample_20_NR_CF,hard-to-crystallize
Sample_22_NR_CF,hard-to-crystallize
Sample_23_NR_CF,hard-to-crystallize
Sample_24_NR_CF,hard-to-crystallize
Sample_26_NR_CF,hard-to-crystallize
Sample_27_NR_CF,hard-to-crystallize
Sample_29_NR_CF,hard-to-crystallize
Sample_30_NR_CF,hard-to-crystallize
Sample_31_NR_CF,hard-to-crystallize
Sample_34_NR_CF,hard-to-crystallize
Sample_35_NR_CF,hard-to-crystallize
Sample_36_NR_CF,hard-to-crystallize
Sample_37_NR_CF,hard-to-crystallize
Sample_38_NR_CF,hard-to-crystallize
Sample_39_NR_CF,hard-to-crystallize
Sample_40_NR_CF,hard-to-crystallize
Sample_41_NR_CF,hard-to-crystallize
Sample_42_NR_CF,hard-to-crystallize
Sample_43_NR_CF,hard-to-crystallize
Sample_44_NR_CF,hard-to-crystallize
Sample_45_NR_CF,hard-to-crystallize
Sample_46_NR_CF,hard-to-crystallize
Sample_48_NR_CF,hard-to-crystallize
Sample_49_NR_CF,hard-to-crystallize
Sample_52_NR_CF,hard-to-crystallize
Sample_53_NR_CF,hard-to-crystallize
Sample_54_NR_CF,hard-to-crystallize
Sample_55_NR_CF,hard-to-crystallize
Sample_56_NR_CF,hard-to-crystallize
Sample_57_NR_CF,hard-to-crystallize
Sample_58_NR_CF,hard-to-crystallize
Sample_59_NR_CF,hard-to-crystallize
Sample_60_NR_CF,hard-to-crystallize
Sample_61_NR_CF,hard-to-crystallize
Sample_63_NR_CF,hard-to-crystallize
Sample_65_NR_CF,hard-to-crystallize
Sample_67_NR_CF,hard-to-crystallize
Sample_70_NR_CF,hard-to-crystallize
Sample_71_NR_CF,hard-to-crystallize
Sample_74_NR_CF,hard-to-crystallize
Sample_75_NR_CF,hard-to-crystallize
Sample_76_NR_CF,hard-to-crystallize
Sample_77_NR_CF,hard-to-crystallize
Sample_79_NR_CF,hard-to-crystallize
Sample_80_NR_CF,hard-to-crystallize
Sample_81_NR_CF,hard-to-crystallize
Sample_82_NR_CF,hard-to-crystallize
Sample_83_NR_CF,hard-to-crystallize
Sample_84_NR_CF,hard-to-crystallize
Sample_85_NR_CF,hard-to-crystallize
Sample_87_NR_CF,hard-to-crystallize
Sample_88_NR_CF,hard-to-crystallize
Sample_90_NR_CF,hard-to-crystallize
Sample_91_NR_CF,hard-to-crystallize
Sample_92_NR_CF,hard-to-crystallize
Sample_93_NR_CF,hard-to-crystallize
Sample_94_NR_CF,hard-to-crystallize
Sample_95_NR_CF,hard-to-crystallize
Sample_96_NR_CF,hard-to-crystallize
Sample_97_NR_CF,hard-to-crystallize
Sample_98_NR_CF,hard-to-crystallize
Sample_99_NR_CF,hard-to-crystallize
Sample_102_NR_CF,hard-to-crystallize
Sample_103_NR_CF,hard-to-crystallize
Sample_106_NR_CF,hard-to-crystallize
Sample_107_NR_CF,hard-to-crystallize
Sample_108_NR_CF,hard-to-crystallize
Sample_109_NR_CF,hard-to-crystallize
Sample_110_NR_CF,hard-to-crystallize
Sample_111_NR_CF,hard-to-crystallize
Sample_112_NR_CF,hard-to-crystallize
Sample_113_NR_CF,hard-to-crystallize
Sample_114_NR_CF,hard-to-crystallize
Sample_115_NR_CF,hard-to-crystallize
Sample_117_NR_CF,hard-to-crystallize
Sample_118_NR_CF,hard-to-crystallize
Sample_121_NR_CF,hard-to-crystallize
Sample_123_NR_CF,hard-to-crystallize
Sample_126_NR_CF,hard-to-crystallize
Sample_127_NR_CF,hard-to-crystallize
Sample_128_NR_CF,hard-to-crystallize
Sample_129_NR_CF,hard-to-crystallize
Sample_130_NR_CF,hard-to-crystallize
Sample_131_NR_CF,hard-to-crystallize
Sample_132_NR_CF,hard-to-crystallize
Sample_133_NR_CF,hard-to-crystallize
Sample_135_NR_CF,hard-to-crystallize
Sample_136_NR_CF,hard-to-crystallize
Sample_137_NR_CF,hard-to-crystallize
Sample_138_NR_CF,hard-to-crystallize
Sample_140_NR_CF,hard-to-crystallize
Sample_141_NR_CF,hard-to-crystallize
Sample_142_NR_CF,hard-to-crystallize
Sample_143_NR_CF,hard-to-crystallize
Sample_144_NR_CF,hard-to-crystallize
Sample_145_NR_CF,hard-to-crystallize
Sample_146_NR_CF,hard-to-crystallize
Sample_149_NR_CF,hard-to-crystallize
Sample_150_NR_CF,hard-to-crystallize
Sample_151_NR_CF,hard-to-crystallize
Sample_153_NR_CF,hard-to-crystallize
Sample_154_NR_CF,hard-to-crystallize
Sample_155_NR_CF,hard-to-crystallize
Sample_156_NR_CF,hard-to-crystallize
Sample_157_NR_CF,hard-to-crystallize
Sample_159_NR_CF,hard-to-crystallize
Sample_160_NR_CF,hard-to-crystallize
Sample_161_NR_CF,hard-to-crystallize
Sample_162_NR_CF,hard-to-crystallize
Sample_163_NR_CF,hard-to-crystallize
Sample_164_NR_CF,hard-to-crystallize
Sample_165_NR_CF,hard-to-crystallize
Sample_166_NR_CF,hard-to-crystallize
Sample_167_NR_CF,hard-to-crystallize
Sample_169_NR_CF,hard-to-crystallize
Sample_171_NR_CF,hard-to-crystallize
Sample_172_NR_CF,hard-to-crystallize
Sample_173_NR_CF,hard-to-crystallize
Sample_174_NR_CF,hard-to-crystallize
Sample_175_NR_CF,hard-to-crystallize
Sample_177_NR_CF,hard-to-crystallize
Sample_178_NR_CF,hard-to-crystallize
Sample_180_NR_CF,hard-to-crystallize
Sample_181_NR_CF,hard-to-crystallize
Sample_182_NR_CF,hard-to-crystallize
Sample_183_NR_CF,hard-to-crystallize
Sample_184_NR_CF,hard-to-crystallize
Sample_185_NR_CF,hard-to-crystallize
Sample_186_NR_CF,hard-to-crystallize
Sample_187_NR_CF,hard-to-crystallize
Sample_189_NR_CF,hard-to-crystallize
Sample_192_NR_CF,hard-to-crystallize
Sample_193_NR_CF,hard-to-crystallize
Sample_194_NR_CF,hard-to-crystallize
Sample_196_NR_CF,hard-to-crystallize
Sample_198_NR_CF,hard-to-crystallize
Sample_199_NR_CF,hard-to-crystallize
Sample_200_NR_CF,hard-to-crystallize
Sample_201_NR_CF,hard-to-crystallize
Sample_202_NR_CF,hard-to-crystallize
Sample_203_NR_CF,hard-to-crystallize
Sample_204_NR_CF,hard-to-crystallize
Sample_205_NR_CF,hard-to-crystallize
Sample_206_NR_CF,hard-to-crystallize
Sample_207_NR_CF,hard-to-crystallize
Sample_208_NR_CF,hard-to-crystallize
Sample_212_NR_CF,hard-to-crystallize
Sample_214_NR_CF,hard-to-crystallize
Sample_215_NR_CF,hard-to-crystallize
Sample_216_NR_CF,hard-to-crystallize
Sample_217_NR_CF,hard-to-crystallize
Sample_218_NR_CF,hard-to-crystallize
Sample_219_NR_CF,hard-to-crystallize
Sample_220_NR_CF,hard-to-crystallize
Sample_221_NR_CF,hard-to-crystallize
Sample_222_NR_CF,hard-to-crystallize
Sample_223_NR_CF,hard-to-crystallize
Sample_226_NR_CF,hard-to-crystallize
Sample_227_NR_CF,hard-to-crystallize
Sample_228_NR_CF,hard-to-crystallize
Sample_230_NR_CF,hard-to-crystallize
Sample_231_NR_CF,hard-to-crystallize
Sample_233_NR_CF,hard-to-crystallize
Sample_234_NR_CF,hard-to-crystallize
Sample_235_NR_CF,hard-to-crystallize
Sample_238_NR_CF,hard-to-crystallize
Sample_240_NR_CF,hard-to-crystallize
Sample_243_NR_CF,hard-to-crystallize
Sample_244_NR_CF,hard-to-crystallize
Sample_245_NR_CF,hard-to-crystallize
Sample_247_NR_CF,hard-to-crystallize
Sample_248_NR_CF,hard-to-crystallize
Sample_250_NR_CF,hard-to-crystallize
Sample_251_NR_CF,hard-to-crystallize
Sample_252_NR_CF,hard-to-crystallize
Sample_253_NR_CF,hard-to-crystallize
Sample_254_NR_CF,hard-to-crystallize
Sample_255_NR_CF,hard-to-crystallize
Sample_258_NR_CF,hard-to-crystallize
Sample_264_NR_CF,hard-to-crystallize
Sample_266_NR_CF,hard-to-crystallize
Sample_267_NR_CF,hard-to-crystallize
Sample_297_NR_CF,hard-to-crystallize
Sample_298_NR_CF,hard-to-crystallize
Sample_299_NR_CF,hard-to-crystallize
Sample_300_NR_CF,hard-to-crystallize
Sample_301_NR_CF,hard-to-crystallize
Sample_305_NR_CF,hard-to-crystallize
Sample_306_NR_CF,hard-to-crystallize
Sample_309_NR_CF,hard-to-crystallize
Sample_310_NR_CF,hard-to-crystallize
Sample_312_NR_CF,hard-to-crystallize
Sample_325_NR_CF,hard-to-crystallize
Sample_329_NR_CF,hard-to-crystallize
Sample_330_NR_CF,hard-to-crystallize
Sample_332_NR_CF,hard-to-crystallize
Sample_333_NR_CF,hard-to-crystallize
Sample_335_NR_CF,hard-to-crystallize
Sample_336_NR_CF,hard-to-crystallize
Sample_337_NR_CF,hard-to-crystallize
Sample_1_NR_CS,crystallizable
Sample_2_NR_CS,crystallizable
Sample_3_NR_CS,crystallizable
Sample_4_NR_CS,crystallizable
Sample_6_NR_CS,crystallizable
Sample_7_NR_CS,crystallizable
Sample_8_NR_CS,crystallizable
Sample_9_NR_CS,crystallizable
Sample_11_NR_CS,crystallizable
Sample_14_NR_CS,crystallizable
Sample_15_NR_CS,crystallizable
Sample_16_NR_CS,crystallizable
Sample_17_NR_CS,crystallizable
Sample_19_NR_CS,crystallizable
Sample_20_NR_CS,crystallizable
Sample_22_NR_CS,crystallizable
Sample_23_NR_CS,crystallizable
Sample_24_NR_CS,crystallizable
Sample_25_NR_CS,crystallizable
Sample_26_NR_CS,crystallizable
Sample_27_NR_CS,crystallizable
Sample_28_NR_CS,crystallizable
Sample_30_NR_CS,crystallizable
Sample_31_NR_CS,crystallizable
Sample_33_NR_CS,crystallizable
Sample_34_NR_CS,crystallizable
Sample_35_NR_CS,crystallizable
Sample_36_NR_CS,crystallizable
Sample_37_NR_CS,crystallizable
Sample_40_NR_CS,crystallizable
Sample_42_NR_CS,crystallizable
Sample_44_NR_CS,crystallizable
Sample_46_NR_CS,crystallizable
Sample_47_NR_CS,crystallizable
Sample_48_NR_CS,crystallizable
Sample_51_NR_CS,crystallizable
Sample_52_NR_CS,crystallizable
Sample_54_NR_CS,crystallizable
Sample_55_NR_CS,crystallizable
Sample_57_NR_CS,crystallizable
Sample_58_NR_CS,crystallizable
Sample_60_NR_CS,crystallizable
Sample_61_NR_CS,crystallizable
Sample_62_NR_CS,crystallizable
Sample_63_NR_CS,crystallizable
Sample_65_NR_CS,crystallizable
Sample_67_NR_CS,crystallizable
Sample_68_NR_CS,crystallizable
Sample_71_NR_CS,crystallizable
Sample_72_NR_CS,crystallizable
Sample_74_NR_CS,crystallizable
Sample_76_NR_CS,crystallizable
Sample_77_NR_CS,crystallizable
Sample_78_NR_CS,crystallizable
Sample_79_NR_CS,crystallizable
Sample_80_NR_CS,crystallizable
Sample_82_NR_CS,crystallizable
Sample_84_NR_CS,crystallizable
Sample_85_NR_CS,crystallizable
Sample_86_NR_CS,crystallizable
Sample_88_NR_CS,crystallizable
Sample_89_NR_CS,crystallizable
Sample_91_NR_CS,crystallizable
Sample_92_NR_CS,crystallizable
Sample_93_NR_CS,crystallizable
Sample_94_NR_CS,crystallizable
Sample_95_NR_CS,crystallizable
Sample_96_NR_CS,crystallizable
Sample_100_NR_CS,crystallizable
Sample_102_NR_CS,crystallizable
Sample_103_NR_CS,crystallizable
Sample_104_NR_CS,crystallizable
Sample_105_NR_CS,crystallizable
Sample_106_NR_CS,crystallizable
Sample_108_NR_CS,crystallizable
Sample_113_NR_CS,crystallizable
Sample_114_NR_CS,crystallizable
Sample_116_NR_CS,crystallizable
Sample_119_NR_CS,crystallizable
Sample_120_NR_CS,crystallizable
Sample_122_NR_CS,crystallizable
Sample_123_NR_CS,crystallizable
Sample_124_NR_CS,crystallizable
Sample_125_NR_CS,crystallizable
Sample_126_NR_CS,crystallizable
Sample_127_NR_CS,crystallizable
Sample_128_NR_CS,crystallizable
Sample_130_NR_CS,crystallizable
Sample_132_NR_CS,crystallizable
Sample_133_NR_CS,crystallizable
Sample_135_NR_CS,crystallizable
Sample_136_NR_CS,crystallizable
Sample_138_NR_CS,crystallizable
Sample_139_NR_CS,crystallizable
Sample_140_NR_CS,crystallizable
Sample_141_NR_CS,crystallizable
Sample_142_NR_CS,crystallizable
Sample_144_NR_CS,crystallizable
Sample_145_NR_CS,crystallizable
Sample_146_NR_CS,crystallizable
Sample_147_NR_CS,crystallizable
Sample_150_NR_CS,crystallizable
Sample_152_NR_CS,crystallizable
Sample_153_NR_CS,crystallizable
Sample_154_NR_CS,crystallizable
Sample_156_NR_CS,crystallizable
Sample_157_NR_CS,crystallizable
Sample_158_NR_CS,crystallizable
Sample_159_NR_CS,crystallizable
Sample_160_NR_CS,crystallizable
Sample_163_NR_CS,crystallizable
Sample_164_NR_CS,crystallizable
Sample_165_NR_CS,crystallizable
Sample_166_NR_CS,crystallizable
Sample_167_NR_CS,crystallizable
Sample_168_NR_CS,crystallizable
Sample_169_NR_CS,crystallizable
Sample_170_NR_CS,crystallizable
Sample_171_NR_CS,crystallizable
Sample_174_NR_CS,crystallizable
Sample_175_NR_CS,crystallizable
Sample_176_NR_CS,crystallizable
Sample_177_NR_CS,crystallizable
Sample_178_NR_CS,crystallizable
Sample_180_NR_CS,crystallizable
Sample_181_NR_CS,crystallizable
Sample_182_NR_CS,crystallizable
Sample_185_NR_CS,crystallizable
Sample_187_NR_CS,crystallizable
Sample_188_NR_CS,crystallizable
Sample_189_NR_CS,crystallizable
Sample_190_NR_CS,crystallizable
Sample_191_NR_CS,crystallizable
Sample_192_NR_CS,crystallizable
Sample_194_NR_CS,crystallizable
Sample_195_NR_CS,crystallizable
Sample_196_NR_CS,crystallizable
Sample_197_NR_CS,crystallizable
Sample_198_NR_CS,crystallizable
Sample_200_NR_CS,crystallizable
Sample_201_NR_CS,crystallizable
Sample_203_NR_CS,crystallizable
Sample_204_NR_CS,crystallizable
Sample_205_NR_CS,crystallizable
Sample_206_NR_CS,crystallizable
Sample_207_NR_CS,crystallizable
Sample_208_NR_CS,crystallizable
Sample_209_NR_CS,crystallizable
Sample_210_NR_CS,crystallizable
Sample_213_NR_CS,crystallizable
Sample_215_NR_CS,crystallizable
Sample_216_NR_CS,crystallizable
Sample_217_NR_CS,crystallizable
Sample_218_NR_CS,crystallizable
Sample_219_NR_CS,crystallizable
Sample_220_NR_CS,crystallizable
Sample_221_NR_CS,crystallizable
Sample_222_NR_CS,crystallizable
Sample_223_NR_CS,crystallizable
Sample_224_NR_CS,crystallizable
Sample_226_NR_CS,crystallizable
Sample_228_NR_CS,crystallizable
Sample_229_NR_CS,crystallizable
Sample_230_NR_CS,crystallizable
Sample_231_NR_CS,crystallizable
Sample_232_NR_CS,crystallizable
Sample_233_NR_CS,crystallizable
Sample_234_NR_CS,crystallizable
Sample_235_NR_CS,crystallizable
Sample_236_NR_CS,crystallizable
Sample_237_NR_CS,crystallizable
Sample_238_NR_CS,crystallizable
Sample_240_NR_CS,crystallizable
Sample_242_NR_CS,crystallizable
Sample_243_NR_CS,crystallizable
Sample_245_NR_CS,crystallizable
Sample_246_NR_CS,crystallizable
Sample_247_NR_CS,crystallizable
Sample_250_NR_CS,crystallizable
Sample_252_NR_CS,crystallizable
Sample_254_NR_CS,crystallizable
Sample_255_NR_CS,crystallizable
Sample_256_NR_CS,crystallizable
Sample_257_NR_CS,crystallizable
Sample_258_NR_CS,crystallizable
Sample_259_NR_CS,crystallizable
Sample_260_NR_CS,crystallizable
Sample_264_NR_CS,crystallizable
Sample_266_NR_CS,crystallizable
Sample_267_NR_CS,crystallizable
Sample_268_NR_CS,crystallizable
Sample_269_NR_CS,crystallizable
Sample_271_NR_CS,crystallizable
Sample_272_NR_CS,crystallizable
Sample_273_NR_CS,crystallizable
Sample_275_NR_CS,crystallizable
Sample_277_NR_CS,crystallizable
Sample_278_NR_CS,crystallizable
Sample_281_NR_CS,crystallizable
Sample_282_NR_CS,crystallizable
Sample_283_NR_CS,crystallizable
Sample_285_NR_CS,crystallizable
Sample_287_NR_CS,crystallizable
Sample_288_NR_CS,crystallizable
Sample_289_NR_CS,crystallizable
Sample_290_NR_CS,crystallizable
Sample_292_NR_CS,crystallizable
Sample_293_NR_CS,crystallizable
Sample_294_NR_CS,crystallizable
Sample_295_NR_CS,crystallizable
Sample_297_NR_CS,crystallizable
Sample_298_NR_CS,crystallizable
Sample_301_NR_CS,crystallizable
Sample_303_NR_CS,crystallizable
Sample_304_NR_CS,crystallizable
Sample_306_NR_CS,crystallizable
Sample_307_NR_CS,crystallizable
Sample_308_NR_CS,crystallizable
Sample_309_NR_CS,crystallizable
Sample_310_NR_CS,crystallizable
Sample_311_NR_CS,crystallizable
Sample_312_NR_CS,crystallizable
Sample_313_NR_CS,crystallizable
Sample_315_NR_CS,crystallizable
Sample_316_NR_CS,crystallizable
Sample_317_NR_CS,crystallizable
Sample_319_NR_CS,crystallizable
Sample_320_NR_CS,crystallizable
Sample_321_NR_CS,crystallizable
Sample_322_NR_CS,crystallizable
Sample_323_NR_CS,crystallizable
Sample_324_NR_CS,crystallizable
Sample_325_NR_CS,crystallizable
Sample_326_NR_CS,crystallizable
Sample_327_NR_CS,crystallizable
Sample_328_NR_CS,crystallizable
Sample_329_NR_CS,crystallizable
Sample_330_NR_CS,crystallizable
Sample_331_NR_CS,crystallizable
Sample_332_NR_CS,crystallizable
Sample_333_NR_CS,crystallizable
Sample_334_NR_CS,crystallizable
Sample_337_NR_CS,crystallizable
Sample_338_NR_CS,crystallizable
Sample_340_NR_CS,crystallizable
Sample_341_NR_CS,crystallizable
Sample_342_NR_CS,crystallizable
Sample_343_NR_CS,crystallizable
Sample_344_NR_CS,crystallizable
Sample_345_NR_CS,crystallizable
Sample_346_NR_CS,crystallizable
Sample_347_NR_CS,crystallizable
Sample_348_NR_CS,crystallizable
Sample_349_NR_CS,crystallizable
Sample_350_NR_CS,crystallizable
Sample_351_NR_CS,crystallizable
Sample_352_NR_CS,crystallizable
Sample_353_NR_CS,crystallizable
Sample_354_NR_CS,crystallizable
Sample_355_NR_CS,crystallizable
Sample_357_NR_CS,crystallizable
Sample_358_NR_CS,crystallizable
Sample_359_NR_CS,crystallizable
Sample_360_NR_CS,crystallizable
Sample_361_NR_CS,crystallizable
Sample_362_NR_CS,crystallizable
Sample_363_NR_CS,crystallizable
Sample_364_NR_CS,crystallizable
Sample_365_NR_CS,crystallizable
Sample_366_NR_CS,crystallizable
Sample_367_NR_CS,crystallizable
Sample_368_NR_CS,crystallizable
Sample_370_NR_CS,crystallizable
Sample_371_NR_CS,crystallizable
Sample_375_NR_CS,crystallizable
Sample_376_NR_CS,crystallizable
Sample_377_NR_CS,crystallizable
Sample_378_NR_CS,crystallizable
Sample_379_NR_CS,crystallizable
Sample_380_NR_CS,crystallizable
Sample_381_NR_CS,crystallizable
Sample_382_NR_CS,crystallizable
Sample_383_NR_CS,crystallizable
Sample_384_NR_CS,crystallizable
Sample_385_NR_CS,crystallizable
Sample_386_NR_CS,crystallizable
Sample_387_NR_CS,crystallizable
Sample_388_NR_CS,crystallizable
Sample_389_NR_CS,crystallizable
Sample_390_NR_CS,crystallizable
Sample_391_NR_CS,crystallizable
Sample_392_NR_CS,crystallizable
Sample_395_NR_CS,crystallizable
Sample_397_NR_CS,crystallizable
Sample_398_NR_CS,crystallizable
Sample_399_NR_CS,crystallizable
Sample_400_NR_CS,crystallizable
Sample_402_NR_CS,crystallizable
Sample_403_NR_CS,crystallizable
Sample_404_NR_CS,crystallizable
Sample_405_NR_CS,crystallizable
Sample_407_NR_CS,crystallizable
Sample_408_NR_CS,crystallizable
Sample_411_NR_CS,crystallizable
Sample_412_NR_CS,crystallizable
Sample_413_NR_CS,crystallizable
Sample_414_NR_CS,crystallizable
Sample_415_NR_CS,crystallizable
Sample_416_NR_CS,crystallizable
Sample_417_NR_CS,crystallizable
Sample_418_NR_CS,crystallizable
Sample_419_NR_CS,crystallizable
Sample_420_NR_CS,crystallizable
Sample_422_NR_CS,crystallizable
Sample_423_NR_CS,crystallizable
Sample_424_NR_CS,crystallizable
Sample_427_NR_CS,crystallizable
Sample_428_NR_CS,crystallizable
Sample_429_NR_CS,crystallizable
Sample_430_NR_CS,crystallizable
Sample_431_NR_CS,crystallizable
Sample_435_NR_CS,crystallizable
Sample_438_NR_CS,crystallizable
Sample_439_NR_CS,crystallizable
Sample_442_NR_CS,crystallizable
Sample_443_NR_CS,crystallizable
Sample_445_NR_CS,crystallizable
Sample_446_NR_CS,crystallizable
Sample_447_NR_CS,crystallizable
Sample_448_NR_CS,crystallizable
Sample_449_NR_CS,crystallizable
Sample_451_NR_CS,crystallizable
Sample_452_NR_CS,crystallizable
Sample_453_NR_CS,crystallizable
Sample_454_NR_CS,crystallizable
Sample_456_NR_CS,crystallizable
Sample_457_NR_CS,crystallizable
Sample_458_NR_CS,crystallizable
Sample_460_NR_CS,crystallizable
Sample_461_NR_CS,crystallizable
Sample_462_NR_CS,crystallizable
Sample_463_NR_CS,crystallizable
Sample_464_NR_CS,crystallizable
Sample_465_NR_CS,crystallizable
Sample_466_NR_CS,crystallizable
Sample_467_NR_CS,crystallizable
Sample_468_NR_CS,crystallizable
Sample_469_NR_CS,crystallizable
Sample_470_NR_CS,crystallizable
Sample_471_NR_CS,crystallizable
Sample_472_NR_CS,crystallizable
Sample_474_NR_CS,crystallizable
Sample_475_NR_CS,crystallizable
Sample_477_NR_CS,crystallizable
Sample_478_NR_CS,crystallizable
Sample_479_NR_CS,crystallizable
Sample_481_NR_CS,crystallizable
Sample_482_NR_CS,crystallizable
Sample_483_NR_CS,crystallizable
Sample_484_NR_CS,crystallizable
Sample_485_NR_CS,crystallizable
Sample_487_NR_CS,crystallizable
Sample_489_NR_CS,crystallizable
Sample_490_NR_CS,crystallizable
Sample_492_NR_CS,crystallizable
Sample_494_NR_CS,crystallizable
Sample_495_NR_CS,crystallizable
Sample_498_NR_CS,crystallizable
Sample_499_NR_CS,crystallizable
Sample_500_NR_CS,crystallizable
Sample_505_NR_CS,crystallizable
Sample_506_NR_CS,crystallizable
Sample_507_NR_CS,crystallizable
Sample_508_NR_CS,crystallizable
Sample_509_NR_CS,crystallizable
Sample_510_NR_CS,crystallizable
Sample_511_NR_CS,crystallizable
Sample_512_NR_CS,crystallizable
Sample_515_NR_CS,crystallizable
Sample_519_NR_CS,crystallizable
Sample_521_NR_CS,crystallizable
Sample_523_NR_CS,crystallizable
Sample_525_NR_CS,crystallizable
Sample_526_NR_CS,crystallizable
Sample_527_NR_CS,crystallizable
Sample_528_NR_CS,crystallizable
Sample_529_NR_CS,crystallizable
Sample_530_NR_CS,crystallizable
Sample_531_NR_CS,crystallizable
Sample_533_NR_CS,crystallizable
Sample_535_NR_CS,crystallizable
Sample_536_NR_CS,crystallizable
Sample_538_NR_CS,crystallizable
Sample_539_NR_CS,crystallizable
Sample_540_NR_CS,crystallizable
Sample_541_NR_CS,crystallizable
Sample_542_NR_CS,crystallizable
Sample_543_NR_CS,crystallizable
Sample_544_NR_CS,crystallizable
Sample_546_NR_CS,crystallizable
Sample_549_NR_CS,crystallizable
Sample_551_NR_CS,crystallizable
Sample_555_NR_CS,crystallizable
Sample_557_NR_CS,crystallizable
Sample_558_NR_CS,crystallizable
Sample_559_NR_CS,crystallizable
Sample_562_NR_CS,crystallizable
Sample_565_NR_CS,crystallizable
Sample_566_NR_CS,crystallizable
Sample_567_NR_CS,crystallizable
Sample_568_NR_CS,crystallizable
Sample_570_NR_CS,crystallizable
Sample_572_NR_CS,crystallizable
Sample_573_NR_CS,crystallizable
Sample_575_NR_CS,crystallizable
Sample_577_NR_CS,crystallizable
Sample_578_NR_CS,crystallizable
Sample_579_NR_CS,crystallizable
Sample_580_NR_CS,crystallizable
Sample_582_NR_CS,crystallizable
Sample_586_NR_CS,crystallizable
Sample_587_NR_CS,crystallizable
Sample_588_NR_CS,crystallizable
Sample_589_NR_CS,crystallizable
Sample_590_NR_CS,crystallizable
Sample_591_NR_CS,crystallizable
Sample_592_NR_CS,crystallizable
Sample_593_NR_CS,crystallizable
Sample_594_NR_CS,crystallizable
Sample_595_NR_CS,crystallizable
Sample_596_NR_CS,crystallizable
Sample_598_NR_CS,crystallizable
Sample_600_NR_CS,crystallizable
Sample_602_NR_CS,crystallizable
Sample_603_NR_CS,crystallizable
Sample_604_NR_CS,crystallizable
Sample_605_NR_CS,crystallizable
Sample_607_NR_CS,crystallizable
Sample_609_NR_CS,crystallizable
Sample_610_NR_CS,crystallizable
Sample_612_NR_CS,crystallizable
Sample_613_NR_CS,crystallizable
Sample_614_NR_CS,crystallizable
Sample_615_NR_CS,crystallizable
Sample_616_NR_CS,crystallizable
Sample_617_NR_CS,crystallizable
Sample_618_NR_CS,crystallizable
Sample_619_NR_CS,crystallizable
Sample_621_NR_CS,crystallizable
Sample_622_NR_CS,crystallizable
Sample_624_NR_CS,crystallizable
Sample_625_NR_CS,crystallizable
Sample_626_NR_CS,crystallizable
Sample_627_NR_CS,crystallizable
Sample_628_NR_CS,crystallizable
Sample_629_NR_CS,crystallizable
Sample_631_NR_CS,crystallizable
Sample_632_NR_CS,crystallizable
Sample_633_NR_CS,crystallizable
Sample_634_NR_CS,crystallizable
Sample_638_NR_CS,crystallizable
Sample_639_NR_CS,crystallizable
Sample_641_NR_CS,crystallizable
Sample_642_NR_CS,crystallizable
Sample_644_NR_CS,crystallizable
Sample_645_NR_CS,crystallizable
Sample_646_NR_CS,crystallizable
Sample_647_NR_CS,crystallizable
Sample_648_NR_CS,crystallizable
Sample_650_NR_CS,crystallizable
Sample_651_NR_CS,crystallizable
Sample_652_NR_CS,crystallizable
Sample_653_NR_CS,crystallizable
Sample_654_NR_CS,crystallizable
Sample_655_NR_CS,crystallizable
Sample_656_NR_CS,crystallizable
Sample_657_NR_CS,crystallizable
Sample_659_NR_CS,crystallizable
Sample_660_NR_CS,crystallizable
Sample_661_NR_CS,crystallizable
Sample_662_NR_CS,crystallizable
Sample_663_NR_CS,crystallizable
Sample_664_NR_CS,crystallizable
Sample_665_NR_CS,crystallizable
Sample_667_NR_CS,crystallizable
Sample_668_NR_CS,crystallizable
Sample_670_NR_CS,crystallizable
Sample_671_NR_CS,crystallizable
Sample_672_NR_CS,crystallizable
Sample_673_NR_CS,crystallizable
Sample_675_NR_CS,crystallizable
Sample_676_NR_CS,crystallizable
Sample_677_NR_CS,crystallizable
Sample_678_NR_CS,crystallizable
Sample_679_NR_CS,crystallizable
Sample_681_NR_CS,crystallizable
Sample_682_NR_CS,crystallizable
Sample_683_NR_CS,crystallizable
Sample_684_NR_CS,crystallizable
Sample_685_NR_CS,crystallizable
Sample_686_NR_CS,crystallizable
Sample_690_NR_CS,crystallizable
Sample_692_NR_CS,crystallizable
Sample_693_NR_CS,crystallizable
Sample_694_NR_CS,crystallizable
Sample_695_NR_CS,crystallizable
Sample_696_NR_CS,crystallizable
Sample_698_NR_CS,crystallizable
Sample_700_NR_CS,crystallizable
Sample_701_NR_CS,crystallizable
Sample_704_NR_CS,crystallizable
Sample_705_NR_CS,crystallizable
Sample_706_NR_CS,crystallizable
Sample_707_NR_CS,crystallizable
Sample_708_NR_CS,crystallizable
Sample_709_NR_CS,crystallizable
Sample_710_NR_CS,crystallizable
Sample_711_NR_CS,crystallizable
Sample_712_NR_CS,crystallizable
Sample_713_NR_CS,crystallizable
Sample_714_NR_CS,crystallizable
Sample_715_NR_CS,crystallizable
Sample_717_NR_CS,crystallizable
Sample_718_NR_CS,crystallizable
Sample_719_NR_CS,crystallizable
Sample_721_NR_CS,crystallizable
Sample_723_NR_CS,crystallizable
Sample_724_NR_CS,crystallizable
Sample_725_NR_CS,crystallizable
Sample_726_NR_CS,crystallizable
Sample_727_NR_CS,crystallizable
Sample_728_NR_CS,crystallizable
Sample_729_NR_CS,crystallizable
Sample_732_NR_CS,crystallizable
Sample_733_NR_CS,crystallizable
Sample_734_NR_CS,crystallizable
Sample_736_NR_CS,crystallizable
Sample_738_NR_CS,crystallizable
Sample_740_NR_CS,crystallizable
Sample_741_NR_CS,crystallizable
Sample_742_NR_CS,crystallizable
Sample_743_NR_CS,crystallizable
Sample_744_NR_CS,crystallizable
Sample_746_NR_CS,crystallizable
Sample_747_NR_CS,crystallizable
Sample_749_NR_CS,crystallizable
Sample_750_NR_CS,crystallizable
Sample_751_NR_CS,crystallizable
Sample_753_NR_CS,crystallizable
Sample_754_NR_CS,crystallizable
Sample_755_NR_CS,crystallizable
Sample_756_NR_CS,crystallizable
Sample_757_NR_CS,crystallizable
Sample_758_NR_CS,crystallizable
Sample_759_NR_CS,crystallizable
Sample_760_NR_CS,crystallizable
Sample_761_NR_CS,crystallizable
Sample_764_NR_CS,crystallizable
Sample_765_NR_CS,crystallizable
Sample_766_NR_CS,crystallizable
Sample_768_NR_CS,crystallizable
Sample_769_NR_CS,crystallizable
Sample_770_NR_CS,crystallizable
Sample_771_NR_CS,crystallizable
Sample_773_NR_CS,crystallizable
Sample_774_NR_CS,crystallizable
Sample_775_NR_CS,crystallizable
Sample_776_NR_CS,crystallizable
Sample_778_NR_CS,crystallizable
Sample_779_NR_CS,crystallizable
Sample_782_NR_CS,crystallizable
Sample_783_NR_CS,crystallizable
Sample_784_NR_CS,crystallizable
Sample_785_NR_CS,crystallizable
Sample_786_NR_CS,crystallizable
Sample_787_NR_CS,crystallizable
Sample_788_NR_CS,crystallizable
Sample_791_NR_CS,crystallizable
Sample_792_NR_CS,crystallizable
Sample_794_NR_CS,crystallizable
Sample_795_NR_CS,crystallizable
Sample_796_NR_CS,crystallizable
Sample_798_NR_CS,crystallizable
Sample_799_NR_CS,crystallizable
Sample_800_NR_CS,crystallizable
Sample_801_NR_CS,crystallizable
Sample_802_NR_CS,crystallizable
Sample_803_NR_CS,crystallizable
Sample_806_NR_CS,crystallizable
Sample_807_NR_CS,crystallizable
Sample_808_NR_CS,crystallizable
Sample_809_NR_CS,crystallizable
Sample_810_NR_CS,crystallizable
Sample_811_NR_CS,crystallizable
Sample_812_NR_CS,crystallizable
Sample_813_NR_CS,crystallizable
Sample_814_NR_CS,crystallizable
Sample_816_NR_CS,crystallizable
Sample_817_NR_CS,crystallizable
Sample_819_NR_CS,crystallizable
Sample_820_NR_CS,crystallizable
Sample_821_NR_CS,crystallizable
Sample_822_NR_CS,crystallizable
Sample_824_NR_CS,crystallizable
Sample_826_NR_CS,crystallizable
Sample_829_NR_CS,crystallizable
Sample_830_NR_CS,crystallizable
Sample_831_NR_CS,crystallizable
Sample_832_NR_CS,crystallizable
Sample_833_NR_CS,crystallizable
Sample_834_NR_CS,crystallizable
Sample_836_NR_CS,crystallizable
Sample_837_NR_CS,crystallizable
Sample_839_NR_CS,crystallizable
Sample_841_NR_CS,crystallizable
Sample_842_NR_CS,crystallizable
Sample_843_NR_CS,crystallizable
Sample_844_NR_CS,crystallizable
Sample_845_NR_CS,crystallizable
Sample_846_NR_CS,crystallizable
Sample_847_NR_CS,crystallizable
Sample_848_NR_CS,crystallizable
Sample_850_NR_CS,crystallizable
Sample_851_NR_CS,crystallizable
Sample_852_NR_CS,crystallizable
Sample_853_NR_CS,crystallizable
Sample_854_NR_CS,crystallizable
Sample_855_NR_CS,crystallizable
Sample_856_NR_CS,crystallizable
Sample_857_NR_CS,crystallizable
Sample_858_NR_CS,crystallizable
Sample_859_NR_CS,crystallizable
Sample_860_NR_CS,crystallizable
Sample_863_NR_CS,crystallizable
Sample_864_NR_CS,crystallizable
Sample_865_NR_CS,crystallizable
Sample_866_NR_CS,crystallizable
Sample_867_NR_CS,crystallizable
Sample_868_NR_CS,crystallizable
Sample_869_NR_CS,crystallizable
Sample_870_NR_CS,crystallizable
Sample_871_NR_CS,crystallizable
Sample_872_NR_CS,crystallizable
Sample_873_NR_CS,crystallizable
Sample_874_NR_CS,crystallizable
Sample_875_NR_CS,crystallizable
Sample_876_NR_CS,crystallizable
Sample_877_NR_CS,crystallizable
Sample_878_NR_CS,crystallizable
Sample_881_NR_CS,crystallizable
Sample_882_NR_CS,crystallizable
Sample_883_NR_CS,crystallizable
Sample_884_NR_CS,crystallizable
Sample_885_NR_CS,crystallizable
Sample_886_NR_CS,crystallizable
Sample_887_NR_CS,crystallizable
Sample_889_NR_CS,crystallizable
Sample_891_NR_CS,crystallizable
Sample_892_NR_CS,crystallizable
Sample_894_NR_CS,crystallizable
Sample_916_NR_CS,crystallizable
Sample_917_NR_CS,crystallizable
Sample_920_NR_CS,crystallizable
Sample_921_NR_CS,crystallizable
Sample_922_NR_CS,crystallizable
Sample_924_NR_CS,crystallizable
Sample_925_NR_CS,crystallizable
Sample_926_NR_CS,crystallizable
Sample_928_NR_CS,crystallizable
Sample_929_NR_CS,crystallizable
Sample_930_NR_CS,crystallizable
Sample_931_NR_CS,crystallizable
Sample_932_NR_CS,crystallizable
Sample_933_NR_CS,crystallizable
Sample_934_NR_CS,crystallizable
Sample_935_NR_CS,crystallizable
Sample_936_NR_CS,crystallizable
Sample_941_NR_CS,crystallizable
Sample_942_NR_CS,crystallizable
Sample_943_NR_CS,crystallizable
Sample_944_NR_CS,crystallizable
Sample_945_NR_CS,crystallizable
Sample_946_NR_CS,crystallizable
Sample_947_NR_CS,crystallizable
Sample_948_NR_CS,crystallizable
Sample_949_NR_CS,crystallizable
Sample_950_NR_CS,crystallizable
Sample_952_NR_CS,crystallizable
Sample_953_NR_CS,crystallizable
Sample_954_NR_CS,crystallizable
Sample_955_NR_CS,crystallizable
Sample_957_NR_CS,crystallizable
Sample_958_NR_CS,crystallizable
Sample_959_NR_CS,crystallizable
Sample_961_NR_CS,crystallizable
Sample_962_NR_CS,crystallizable
Sample_963_NR_CS,crystallizable
Sample_966_NR_CS,crystallizable
Sample_967_NR_CS,crystallizable
Sample_969_NR_CS,crystallizable
Sample_971_NR_CS,crystallizable
Sample_973_NR_CS,crystallizable
Sample_974_NR_CS,crystallizable
Sample_975_NR_CS,crystallizable
Sample_977_NR_CS,crystallizable
Sample_978_NR_CS,crystallizable
Sample_980_NR_CS,crystallizable
Sample_981_NR_CS,crystallizable
Sample_982_NR_CS,crystallizable
Sample_983_NR_CS,crystallizable
Sample_987_NR_CS,crystallizable
Sample_988_NR_CS,crystallizable
Sample_990_NR_CS,crystallizable
Sample_991_NR_CS,crystallizable
Sample_992_NR_CS,crystallizable
Sample_993_NR_CS,crystallizable
Sample_994_NR_CS,crystallizable
Sample_995_NR_CS,crystallizable
Sample_996_NR_CS,crystallizable
Sample_997_NR_CS,crystallizable
Sample_998_NR_CS,crystallizable
Sample_999_NR_CS,crystallizable
Sample_1000_NR_CS,crystallizable
Sample_1001_NR_CS,crystallizable
Sample_1009_NR_CS,crystallizable
Sample_1010_NR_CS,crystallizable
Sample_1011_NR_CS,crystallizable
Sample_1012_NR_CS,crystallizable
Sample_1013_NR_CS,crystallizable
Sample_1014_NR_CS,crystallizable
Sample_1016_NR_CS,crystallizable
Sample_1018_NR_CS,crystallizable
Sample_1019_NR_CS,crystallizable
Sample_1020_NR_CS,crystallizable
Sample_1022_NR_CS,crystallizable
Sample_1023_NR_CS,crystallizable
Sample_1024_NR_CS,crystallizable
Sample_1026_NR_CS,crystallizable
Sample_1027_NR_CS,crystallizable
Sample_1028_NR_CS,crystallizable
Sample_1029_NR_CS,crystallizable
Sample_1031_NR_CS,crystallizable
Sample_1032_NR_CS,crystallizable
Sample_1033_NR_CS,crystallizable
Sample_1034_NR_CS,crystallizable
Sample_1036_NR_CS,crystallizable
Sample_1037_NR_CS,crystallizable
Sample_1038_NR_CS,crystallizable
Sample_1039_NR_CS,crystallizable
Sample_1040_NR_CS,crystallizable
Sample_1041_NR_CS,crystallizable
Sample_1042_NR_CS,crystallizable
Sample_1043_NR_CS,crystallizable
Sample_1044_NR_CS,crystallizable
Sample_1045_NR_CS,crystallizable
Sample_1046_NR_CS,crystallizable
Sample_1047_NR_CS,crystallizable
Sample_1048_NR_CS,crystallizable
Sample_1049_NR_CS,crystallizable
Sample_1050_NR_CS,crystallizable
Sample_1053_NR_CS,crystallizable
Sample_1058_NR_CS,crystallizable
Sample_1061_NR_CS,crystallizable
Sample_1062_NR_CS,crystallizable
Sample_1063_NR_CS,crystallizable
Sample_1064_NR_CS,crystallizable
Sample_1065_NR_CS,crystallizable
Sample_1066_NR_CS,crystallizable
Sample_1067_NR_CS,crystallizable
Sample_1069_NR_CS,crystallizable
Sample_1070_NR_CS,crystallizable
Sample_1071_NR_CS,crystallizable
Sample_1073_NR_CS,crystallizable
Sample_1074_NR_CS,crystallizable
Sample_1075_NR_CS,crystallizable
Sample_1076_NR_CS,crystallizable
Sample_1077_NR_CS,crystallizable
Sample_1079_NR_CS,crystallizable
Sample_1080_NR_CS,crystallizable
Sample_1082_NR_CS,crystallizable
Sample_1083_NR_CS,crystallizable
Sample_1084_NR_CS,crystallizable
Sample_1085_NR_CS,crystallizable
Sample_1086_NR_CS,crystallizable
Sample_1087_NR_CS,crystallizable
Sample_1088_NR_CS,crystallizable
Sample_1089_NR_CS,crystallizable
Sample_1090_NR_CS,crystallizable
Sample_1091_NR_CS,crystallizable
Sample_1095_NR_CS,crystallizable
Sample_1096_NR_CS,crystallizable
Sample_1097_NR_CS,crystallizable
Sample_1100_NR_CS,crystallizable
Sample_1101_NR_CS,crystallizable
Sample_1102_NR_CS,crystallizable
Sample_1103_NR_CS,crystallizable
Sample_1104_NR_CS,crystallizable
Sample_1105_NR_CS,crystallizable
Sample_1107_NR_CS,crystallizable
Sample_1108_NR_CS,crystallizable
Sample_1109_NR_CS,crystallizable
Sample_1110_NR_CS,crystallizable
Sample_1111_NR_CS,crystallizable
Sample_1113_NR_CS,crystallizable
Sample_1114_NR_CS,crystallizable
Sample_1115_NR_CS,crystallizable
Sample_1117_NR_CS,crystallizable
Sample_1118_NR_CS,crystallizable
Sample_1121_NR_CS,crystallizable
Sample_1122_NR_CS,crystallizable
Sample_1124_NR_CS,crystallizable
Sample_1125_NR_CS,crystallizable
Sample_1126_NR_CS,crystallizable
Sample_1127_NR_CS,crystallizable
Sample_1128_NR_CS,crystallizable
Sample_1129_NR_CS,crystallizable
Sample_1131_NR_CS,crystallizable
Sample_1133_NR_CS,crystallizable
Sample_1136_NR_CS,crystallizable
Sample_1137_NR_CS,crystallizable
Sample_1138_NR_CS,crystallizable
Sample_1140_NR_CS,crystallizable
Sample_1141_NR_CS,crystallizable
Sample_1142_NR_CS,crystallizable
Sample_1143_NR_CS,crystallizable
Sample_1144_NR_CS,crystallizable
Sample_1145_NR_CS,crystallizable
Sample_1146_NR_CS,crystallizable
Sample_1147_NR_CS,crystallizable
Sample_1148_NR_CS,crystallizable
Sample_1150_NR_CS,crystallizable
Sample_1151_NR_CS,crystallizable
Sample_1152_NR_CS,crystallizable
Sample_1154_NR_CS,crystallizable
Sample_1155_NR_CS,crystallizable
Sample_1156_NR_CS,crystallizable
Sample_1159_NR_CS,crystallizable
Sample_1160_NR_CS,crystallizable
Sample_1161_NR_CS,crystallizable
Sample_1162_NR_CS,crystallizable
Sample_1163_NR_CS,crystallizable
Sample_1164_NR_CS,crystallizable
Sample_1165_NR_CS,crystallizable
Sample_1167_NR_CS,crystallizable
Sample_1169_NR_CS,crystallizable
Sample_1170_NR_CS,crystallizable
Sample_1173_NR_CS,crystallizable
Sample_1174_NR_CS,crystallizable
Sample_1176_NR_CS,crystallizable
Sample_1177_NR_CS,crystallizable
Sample_1178_NR_CS,crystallizable
Sample_1179_NR_CS,crystallizable
Sample_1180_NR_CS,crystallizable
Sample_1181_NR_CS,crystallizable
Sample_1182_NR_CS,crystallizable
Sample_1184_NR_CS,crystallizable
Sample_1186_NR_CS,crystallizable
Sample_1188_NR_CS,crystallizable
Sample_1189_NR_CS,crystallizable
Sample_1190_NR_CS,crystallizable
Sample_1191_NR_CS,crystallizable
Sample_1192_NR_CS,crystallizable
Sample_1193_NR_CS,crystallizable
Sample_1194_NR_CS,crystallizable
Sample_1195_NR_CS,crystallizable
Sample_1196_NR_CS,crystallizable
Sample_1197_NR_CS,crystallizable
Sample_1199_NR_CS,crystallizable
Sample_1200_NR_CS,crystallizable
Sample_1201_NR_CS,crystallizable
Sample_1202_NR_CS,crystallizable
Sample_1203_NR_CS,crystallizable
Sample_1204_NR_CS,crystallizable
Sample_1205_NR_CS,crystallizable
Sample_1206_NR_CS,crystallizable
Sample_1209_NR_CS,crystallizable
Sample_1210_NR_CS,crystallizable
Sample_1211_NR_CS,crystallizable
Sample_1212_NR_CS,crystallizable
Sample_1213_NR_CS,crystallizable
Sample_1214_NR_CS,crystallizable
Sample_1215_NR_CS,crystallizable
Sample_1216_NR_CS,crystallizable
Sample_1217_NR_CS,crystallizable
Sample_1218_NR_CS,crystallizable
Sample_1219_NR_CS,crystallizable
Sample_1220_NR_CS,crystallizable
Sample_1221_NR_CS,crystallizable
Sample_1223_NR_CS,crystallizable
Sample_1224_NR_CS,crystallizable
Sample_1225_NR_CS,crystallizable
Sample_1227_NR_CS,crystallizable
Sample_1228_NR_CS,crystallizable
Sample_1230_NR_CS,crystallizable
Sample_1231_NR_CS,crystallizable
Sample_1232_NR_CS,crystallizable
Sample_1234_NR_CS,crystallizable
Sample_1235_NR_CS,crystallizable
Sample_1237_NR_CS,crystallizable
Sample_1238_NR_CS,crystallizable
Sample_1239_NR_CS,crystallizable
Sample_1240_NR_CS,crystallizable
Sample_1241_NR_CS,crystallizable
Sample_1242_NR_CS,crystallizable
Sample_1243_NR_CS,crystallizable
Sample_1244_NR_CS,crystallizable
Sample_1245_NR_CS,crystallizable
Sample_1249_NR_CS,crystallizable
Sample_1250_NR_CS,crystallizable
Sample_1253_NR_CS,crystallizable
Sample_1254_NR_CS,crystallizable
Sample_1256_NR_CS,crystallizable
Sample_1258_NR_CS,crystallizable
Sample_1259_NR_CS,crystallizable
Sample_1260_NR_CS,crystallizable
Sample_1264_NR_CS,crystallizable
Sample_1266_NR_CS,crystallizable
Sample_1267_NR_CS,crystallizable
Sample_1268_NR_CS,crystallizable
Sample_1269_NR_CS,crystallizable
Sample_1270_NR_CS,crystallizable
Sample_1271_NR_CS,crystallizable
Sample_1272_NR_CS,crystallizable
Sample_1276_NR_CS,crystallizable
Sample_1277_NR_CS,crystallizable
Sample_1278_NR_CS,crystallizable
Sample_1280_NR_CS,crystallizable
Sample_1281_NR_CS,crystallizable
Sample_1282_NR_CS,crystallizable
Sample_1283_NR_CS,crystallizable
Sample_1284_NR_CS,crystallizable
Sample_1285_NR_CS,crystallizable
Sample_1286_NR_CS,crystallizable
Sample_1287_NR_CS,crystallizable
Sample_1288_NR_CS,crystallizable
Sample_1289_NR_CS,crystallizable
Sample_1292_NR_CS,crystallizable
Sample_1293_NR_CS,crystallizable
Sample_1294_NR_CS,crystallizable
Sample_1295_NR_CS,crystallizable
Sample_1296_NR_CS,crystallizable
Sample_1297_NR_CS,crystallizable
Sample_1299_NR_CS,crystallizable
Sample_1300_NR_CS,crystallizable
Sample_1301_NR_CS,crystallizable
Sample_1303_NR_CS,crystallizable
Sample_1304_NR_CS,crystallizable
Sample_1306_NR_CS,crystallizable
Sample_1307_NR_CS,crystallizable
Sample_1308_NR_CS,crystallizable
Sample_1309_NR_CS,crystallizable
Sample_1310_NR_CS,crystallizable
Sample_1311_NR_CS,crystallizable
Sample_1313_NR_CS,crystallizable
Sample_1315_NR_CS,crystallizable
Sample_1316_NR_CS,crystallizable
Sample_1317_NR_CS,crystallizable
Sample_1319_NR_CS,crystallizable
Sample_1320_NR_CS,crystallizable
Sample_1322_NR_CS,crystallizable
Sample_1325_NR_CS,crystallizable
Sample_1330_NR_CS,crystallizable
Sample_1331_NR_CS,crystallizable
Sample_1332_NR_CS,crystallizable
Sample_1333_NR_CS,crystallizable
Sample_1335_NR_CS,crystallizable
Sample_1336_NR_CS,crystallizable
Sample_1338_NR_CS,crystallizable
Sample_1339_NR_CS,crystallizable
Sample_1340_NR_CS,crystallizable
Sample_1341_NR_CS,crystallizable
Sample_1342_NR_CS,crystallizable
Sample_1343_NR_CS,crystallizable
Sample_1344_NR_CS,crystallizable
Sample_1345_NR_CS,crystallizable
Sample_1346_NR_CS,crystallizable
Sample_1347_NR_CS,crystallizable
Sample_1349_NR_CS,crystallizable
Sample_1351_NR_CS,crystallizable
Sample_1352_NR_CS,crystallizable
Sample_1354_NR_CS,crystallizable
Sample_1355_NR_CS,crystallizable
Sample_1356_NR_CS,crystallizable
Sample_1357_NR_CS,crystallizable
Sample_1358_NR_CS,crystallizable
Sample_1359_NR_CS,crystallizable
Sample_1361_NR_CS,crystallizable
Sample_1363_NR_CS,crystallizable
Sample_1364_NR_CS,crystallizable
Sample_1365_NR_CS,crystallizable
Sample_1367_NR_CS,crystallizable
Sample_1368_NR_CS,crystallizable
Sample_1370_NR_CS,crystallizable
Sample_1371_NR_CS,crystallizable
Sample_1372_NR_CS,crystallizable
Sample_1374_NR_CS,crystallizable
Sample_1375_NR_CS,crystallizable
Sample_1376_NR_CS,crystallizable
Sample_1377_NR_CS,crystallizable
Sample_1378_NR_CS,crystallizable
Sample_1379_NR_CS,crystallizable
Sample_1381_NR_CS,crystallizable
Sample_1382_NR_CS,crystallizable
Sample_1383_NR_CS,crystallizable
Sample_1384_NR_CS,crystallizable
Sample_1385_NR_CS,crystallizable
Sample_1386_NR_CS,crystallizable
Sample_1387_NR_CS,crystallizable
Sample_1390_NR_CS,crystallizable
Sample_1391_NR_CS,crystallizable
Sample_1392_NR_CS,crystallizable
Sample_1394_NR_CS,crystallizable
Sample_1395_NR_CS,crystallizable
Sample_1396_NR_CS,crystallizable
Sample_1397_NR_CS,crystallizable
Sample_1398_NR_CS,crystallizable
Sample_1399_NR_CS,crystallizable
Sample_1400_NR_CS,crystallizable
Sample_1401_NR_CS,crystallizable
Sample_1402_NR_CS,crystallizable
Sample_1403_NR_CS,crystallizable
Sample_1405_NR_CS,crystallizable
Sample_1406_NR_CS,crystallizable
Sample_1407_NR_CS,crystallizable
Sample_1408_NR_CS,crystallizable
Sample_1410_NR_CS,crystallizable
Sample_1411_NR_CS,crystallizable
Sample_1412_NR_CS,crystallizable
Sample_1414_NR_CS,crystallizable
Sample_1415_NR_CS,crystallizable
Sample_1416_NR_CS,crystallizable
Sample_1417_NR_CS,crystallizable
Sample_1418_NR_CS,crystallizable
Sample_1419_NR_CS,crystallizable
Sample_1420_NR_CS,crystallizable
Sample_1421_NR_CS,crystallizable
Sample_1422_NR_CS,crystallizable
Sample_1423_NR_CS,crystallizable
Sample_1424_NR_CS,crystallizable
Sample_1426_NR_CS,crystallizable
Sample_1427_NR_CS,crystallizable
Sample_1428_NR_CS,crystallizable
Sample_1429_NR_CS,crystallizable
Sample_1430_NR_CS,crystallizable
Sample_1431_NR_CS,crystallizable
Sample_1432_NR_CS,crystallizable
Sample_1433_NR_CS,crystallizable
Sample_1434_NR_CS,crystallizable
Sample_1435_NR_CS,crystallizable
Sample_1436_NR_CS,crystallizable
Sample_1438_NR_CS,crystallizable
Sample_1439_NR_CS,crystallizable
Sample_1441_NR_CS,crystallizable
Sample_1443_NR_CS,crystallizable
Sample_1445_NR_CS,crystallizable
Sample_1446_NR_CS,crystallizable
Sample_1447_NR_CS,crystallizable
Sample_1449_NR_CS,crystallizable
Sample_1450_NR_CS,crystallizable
Sample_1451_NR_CS,crystallizable
Sample_1452_NR_CS,crystallizable
Sample_1454_NR_CS,crystallizable
Sample_1455_NR_CS,crystallizable
Sample_1456_NR_CS,crystallizable
Sample_1458_NR_CS,crystallizable
Sample_1459_NR_CS,crystallizable
Sample_1460_NR_CS,crystallizable
Sample_1462_NR_CS,crystallizable
Sample_1464_NR_CS,crystallizable
Sample_1465_NR_CS,crystallizable
Sample_1466_NR_CS,crystallizable
Sample_1468_NR_CS,crystallizable
Sample_1470_NR_CS,crystallizable
Sample_1471_NR_CS,crystallizable
Sample_1472_NR_CS,crystallizable
Sample_1473_NR_CS,crystallizable
Sample_1475_NR_CS,crystallizable
Sample_1476_NR_CS,crystallizable
Sample_1477_NR_CS,crystallizable
Sample_1478_NR_CS,crystallizable
Sample_1479_NR_CS,crystallizable
Sample_1480_NR_CS,crystallizable
Sample_1482_NR_CS,crystallizable
Sample_1483_NR_CS,crystallizable
Sample_1484_NR_CS,crystallizable
Sample_1486_NR_CS,crystallizable
Sample_1488_NR_CS,crystallizable
Sample_1489_NR_CS,crystallizable
Sample_1490_NR_CS,crystallizable
Sample_1491_NR_CS,crystallizable
Sample_1492_NR_CS,crystallizable
Sample_1493_NR_CS,crystallizable
Sample_1494_NR_CS,crystallizable
Sample_1495_NR_CS,crystallizable
Sample_1496_NR_CS,crystallizable
Sample_1497_NR_CS,crystallizable
Sample_1498_NR_CS,crystallizable
Sample_1499_NR_CS,crystallizable
Sample_1501_NR_CS,crystallizable
Sample_1502_NR_CS,crystallizable
Sample_1504_NR_CS,crystallizable
Sample_1506_NR_CS,crystallizable
Sample_1508_NR_CS,crystallizable
Sample_1509_NR_CS,crystallizable
Sample_1510_NR_CS,crystallizable
Sample_1511_NR_CS,crystallizable
Sample_1512_NR_CS,crystallizable
Sample_1514_NR_CS,crystallizable
Sample_1515_NR_CS,crystallizable
Sample_1516_NR_CS,crystallizable
Sample_1517_NR_CS,crystallizable
Sample_1518_NR_CS,crystallizable
Sample_1519_NR_CS,crystallizable
Sample_1520_NR_CS,crystallizable
Sample_1521_NR_CS,crystallizable
Sample_1522_NR_CS,crystallizable
Sample_1523_NR_CS,crystallizable
Sample_1524_NR_CS,crystallizable
Sample_1525_NR_CS,crystallizable
Sample_1528_NR_CS,crystallizable
Sample_1529_NR_CS,crystallizable
Sample_1530_NR_CS,crystallizable
Sample_1531_NR_CS,crystallizable
Sample_1533_NR_CS,crystallizable
Sample_1536_NR_CS,crystallizable
Sample_1537_NR_CS,crystallizable
Sample_1538_NR_CS,crystallizable
Sample_1539_NR_CS,crystallizable
Sample_1540_NR_CS,crystallizable
Sample_1541_NR_CS,crystallizable
Sample_1542_NR_CS,crystallizable
Sample_1549_NR_CS,crystallizable
Sample_1550_NR_CS,crystallizable
Sample_1551_NR_CS,crystallizable
Sample_1552_NR_CS,crystallizable
Sample_1554_NR_CS,crystallizable
Sample_1555_NR_CS,crystallizable
Sample_1556_NR_CS,crystallizable
Sample_1557_NR_CS,crystallizable
Sample_1558_NR_CS,crystallizable
Sample_1559_NR_CS,crystallizable
Sample_1560_NR_CS,crystallizable
Sample_1561_NR_CS,crystallizable
Sample_1563_NR_CS,crystallizable
Sample_1564_NR_CS,crystallizable
Sample_1565_NR_CS,crystallizable
Sample_1567_NR_CS,crystallizable
Sample_1568_NR_CS,crystallizable
Sample_1570_NR_CS,crystallizable
Sample_1572_NR_CS,crystallizable
Sample_1573_NR_CS,crystallizable
Sample_1574_NR_CS,crystallizable
Sample_1575_NR_CS,crystallizable
Sample_1576_NR_CS,crystallizable
Sample_1577_NR_CS,crystallizable
Sample_1579_NR_CS,crystallizable
Sample_1580_NR_CS,crystallizable
Sample_1581_NR_CS,crystallizable
Sample_1582_NR_CS,crystallizable
Sample_1583_NR_CS,crystallizable
Sample_1584_NR_CS,crystallizable
Sample_1585_NR_CS,crystallizable
Sample_1586_NR_CS,crystallizable
Sample_1588_NR_CS,crystallizable
Sample_1589_NR_CS,crystallizable
Sample_1590_NR_CS,crystallizable
Sample_1591_NR_CS,crystallizable
Sample_1592_NR_CS,crystallizable
Sample_1593_NR_CS,crystallizable
Sample_1594_NR_CS,crystallizable
Sample_1595_NR_CS,crystallizable
Sample_1598_NR_CS,crystallizable
Sample_1600_NR_CS,crystallizable
Sample_1602_NR_CS,crystallizable
Sample_1603_NR_CS,crystallizable
Sample_1604_NR_CS,crystallizable
Sample_1605_NR_CS,crystallizable
Sample_1606_NR_CS,crystallizable
Sample_1607_NR_CS,crystallizable
Sample_1609_NR_CS,crystallizable
Sample_1610_NR_CS,crystallizable
Sample_1611_NR_CS,crystallizable
Sample_1612_NR_CS,crystallizable
Sample_1614_NR_CS,crystallizable
Sample_1615_NR_CS,crystallizable
Sample_1616_NR_CS,crystallizable
Sample_1618_NR_CS,crystallizable
Sample_1620_NR_CS,crystallizable
Sample_1621_NR_CS,crystallizable
Sample_1623_NR_CS,crystallizable
Sample_1625_NR_CS,crystallizable
Sample_1626_NR_CS,crystallizable
Sample_1628_NR_CS,crystallizable
Sample_1629_NR_CS,crystallizable
Sample_1630_NR_CS,crystallizable
Sample_1632_NR_CS,crystallizable
Sample_1633_NR_CS,crystallizable
Sample_1634_NR_CS,crystallizable
Sample_1636_NR_CS,crystallizable
Sample_1637_NR_CS,crystallizable
Sample_1638_NR_CS,crystallizable
Sample_1639_NR_CS,crystallizable
Sample_1640_NR_CS,crystallizable
Sample_1641_NR_CS,crystallizable
Sample_1642_NR_CS,crystallizable
Sample_1643_NR_CS,crystallizable
Sample_1644_NR_CS,crystallizable
Sample_1645_NR_CS,crystallizable
Sample_1646_NR_CS,crystallizable
Sample_1648_NR_CS,crystallizable
Sample_1649_NR_CS,crystallizable
Sample_1651_NR_CS,crystallizable
Sample_1652_NR_CS,crystallizable
Sample_1653_NR_CS,crystallizable
Sample_1654_NR_CS,crystallizable
Sample_1655_NR_CS,crystallizable
Sample_1656_NR_CS,crystallizable
Sample_1657_NR_CS,crystallizable
Sample_1659_NR_CS,crystallizable
Sample_1661_NR_CS,crystallizable
Sample_1663_NR_CS,crystallizable
Sample_1664_NR_CS,crystallizable
Sample_1665_NR_CS,crystallizable
Sample_1666_NR_CS,crystallizable
Sample_1667_NR_CS,crystallizable
Sample_1668_NR_CS,crystallizable
Sample_1669_NR_CS,crystallizable
Sample_1670_NR_CS,crystallizable
Sample_1672_NR_CS,crystallizable
Sample_1674_NR_CS,crystallizable
Sample_1675_NR_CS,crystallizable
Sample_1676_NR_CS,crystallizable
Sample_1677_NR_CS,crystallizable
Sample_1678_NR_CS,crystallizable
Sample_1681_NR_CS,crystallizable
Sample_1682_NR_CS,crystallizable
Sample_1683_NR_CS,crystallizable
Sample_1684_NR_CS,crystallizable
Sample_1685_NR_CS,crystallizable
Sample_1687_NR_CS,crystallizable
Sample_1688_NR_CS,crystallizable
Sample_1689_NR_CS,crystallizable
Sample_1690_NR_CS,crystallizable
Sample_1691_NR_CS,crystallizable
Sample_1692_NR_CS,crystallizable
Sample_1693_NR_CS,crystallizable
Sample_1694_NR_CS,crystallizable
Sample_1695_NR_CS,crystallizable
Sample_1696_NR_CS,crystallizable
Sample_1697_NR_CS,crystallizable
Sample_1698_NR_CS,crystallizable
Sample_1700_NR_CS,crystallizable
Sample_1701_NR_CS,crystallizable
Sample_1703_NR_CS,crystallizable
Sample_1704_NR_CS,crystallizable
Sample_1706_NR_CS,crystallizable
Sample_1707_NR_CS,crystallizable
Sample_1708_NR_CS,crystallizable
Sample_1709_NR_CS,crystallizable
Sample_1710_NR_CS,crystallizable
Sample_1711_NR_CS,crystallizable
Sample_1713_NR_CS,crystallizable
Sample_1714_NR_CS,crystallizable
Sample_1715_NR_CS,crystallizable
Sample_1716_NR_CS,crystallizable
Sample_1717_NR_CS,crystallizable
Sample_1718_NR_CS,crystallizable
Sample_1719_NR_CS,crystallizable
Sample_1720_NR_CS,crystallizable
Sample_1721_NR_CS,crystallizable
Sample_1722_NR_CS,crystallizable
Sample_1724_NR_CS,crystallizable
Sample_1725_NR_CS,crystallizable
Sample_1726_NR_CS,crystallizable
Sample_1728_NR_CS,crystallizable
Sample_1729_NR_CS,crystallizable
Sample_1731_NR_CS,crystallizable
Sample_1732_NR_CS,crystallizable
Sample_1733_NR_CS,crystallizable
Sample_1734_NR_CS,crystallizable
Sample_1735_NR_CS,crystallizable
Sample_1737_NR_CS,crystallizable
Sample_1738_NR_CS,crystallizable
Sample_1739_NR_CS,crystallizable
Sample_1740_NR_CS,crystallizable
Sample_1741_NR_CS,crystallizable
Sample_1742_NR_CS,crystallizable
Sample_1743_NR_CS,crystallizable
Sample_1744_NR_CS,crystallizable
Sample_1746_NR_CS,crystallizable
Sample_1747_NR_CS,crystallizable
Sample_1748_NR_CS,crystallizable
Sample_1749_NR_CS,crystallizable
Sample_1750_NR_CS,crystallizable
Sample_1752_NR_CS,crystallizable
Sample_1753_NR_CS,crystallizable
Sample_1754_NR_CS,crystallizable
Sample_1755_NR_CS,crystallizable
Sample_1756_NR_CS,crystallizable
Sample_1757_NR_CS,crystallizable
Sample_1758_NR_CS,crystallizable
Sample_1760_NR_CS,crystallizable
Sample_1761_NR_CS,crystallizable
Sample_1762_NR_CS,crystallizable
Sample_1763_NR_CS,crystallizable
Sample_1766_NR_CS,crystallizable
Sample_1768_NR_CS,crystallizable
Sample_1771_NR_CS,crystallizable
Sample_1772_NR_CS,crystallizable
Sample_1773_NR_CS,crystallizable
Sample_1774_NR_CS,crystallizable
Sample_1775_NR_CS,crystallizable
Sample_1776_NR_CS,crystallizable
Sample_1777_NR_CS,crystallizable
Sample_1778_NR_CS,crystallizable
Sample_1779_NR_CS,crystallizable
Sample_1781_NR_CS,crystallizable
Sample_1784_NR_CS,crystallizable
Sample_1785_NR_CS,crystallizable
Sample_1786_NR_CS,crystallizable
Sample_1788_NR_CS,crystallizable
Sample_1790_NR_CS,crystallizable
Sample_1791_NR_CS,crystallizable
Sample_1792_NR_CS,crystallizable
Sample_1793_NR_CS,crystallizable
Sample_1794_NR_CS,crystallizable
Sample_1795_NR_CS,crystallizable
Sample_1796_NR_CS,crystallizable
Sample_1797_NR_CS,crystallizable
Sample_1798_NR_CS,crystallizable
Sample_1801_NR_CS,crystallizable
Sample_1802_NR_CS,crystallizable
Sample_1803_NR_CS,crystallizable
Sample_1805_NR_CS,crystallizable
Sample_1806_NR_CS,crystallizable
Sample_1807_NR_CS,crystallizable
Sample_1808_NR_CS,crystallizable
Sample_1809_NR_CS,crystallizable
Sample_1810_NR_CS,crystallizable
Sample_1811_NR_CS,crystallizable
Sample_1813_NR_CS,crystallizable
Sample_1814_NR_CS,crystallizable
Sample_1817_NR_CS,crystallizable
Sample_1820_NR_CS,crystallizable
Sample_1821_NR_CS,crystallizable
Sample_1824_NR_CS,crystallizable
Sample_1825_NR_CS,crystallizable
Sample_1826_NR_CS,crystallizable
Sample_1827_NR_CS,crystallizable
Sample_1828_NR_CS,crystallizable
Sample_1830_NR_CS,crystallizable
Sample_1831_NR_CS,crystallizable
Sample_1833_NR_CS,crystallizable
Sample_1834_NR_CS,crystallizable
Sample_1836_NR_CS,crystallizable
Sample_1837_NR_CS,crystallizable
Sample_1838_NR_CS,crystallizable
Sample_1839_NR_CS,crystallizable
Sample_1842_NR_CS,crystallizable
Sample_1843_NR_CS,crystallizable
Sample_1844_NR_CS,crystallizable
Sample_1845_NR_CS,crystallizable
Sample_1846_NR_CS,crystallizable
Sample_1847_NR_CS,crystallizable
Sample_1848_NR_CS,crystallizable
Sample_1849_NR_CS,crystallizable
Sample_1850_NR_CS,crystallizable
Sample_1852_NR_CS,crystallizable
Sample_1853_NR_CS,crystallizable
Sample_1854_NR_CS,crystallizable
Sample_1856_NR_CS,crystallizable
Sample_1857_NR_CS,crystallizable
Sample_1858_NR_CS,crystallizable
Sample_1859_NR_CS,crystallizable
Sample_1860_NR_CS,crystallizable
Sample_1861_NR_CS,crystallizable
Sample_1862_NR_CS,crystallizable
Sample_1863_NR_CS,crystallizable
Sample_1864_NR_CS,crystallizable
Sample_1865_NR_CS,crystallizable
Sample_1866_NR_CS,crystallizable
Sample_1867_NR_CS,crystallizable
Sample_1868_NR_CS,crystallizable
Sample_1869_NR_CS,crystallizable
Sample_1870_NR_CS,crystallizable
Sample_1871_NR_CS,crystallizable
Sample_1872_NR_CS,crystallizable
Sample_1873_NR_CS,crystallizable
Sample_1874_NR_CS,crystallizable
Sample_1875_NR_CS,crystallizable
Sample_1876_NR_CS,crystallizable
Sample_1877_NR_CS,crystallizable
Sample_1878_NR_CS,crystallizable
Sample_1879_NR_CS,crystallizable
Sample_1880_NR_CS,crystallizable
Sample_1881_NR_CS,crystallizable
Sample_1882_NR_CS,crystallizable
Sample_1883_NR_CS,crystallizable
Sample_1884_NR_CS,crystallizable
Sample_1885_NR_CS,crystallizable
Sample_1886_NR_CS,crystallizable
Sample_1887_NR_CS,crystallizable
Sample_1888_NR_CS,crystallizable
Sample_1890_NR_CS,crystallizable
Sample_1891_NR_CS,crystallizable
Sample_1892_NR_CS,crystallizable
Sample_1896_NR_CS,crystallizable
Sample_1897_NR_CS,crystallizable
Sample_1898_NR_CS,crystallizable
Sample_1899_NR_CS,crystallizable
Sample_1901_NR_CS,crystallizable
Sample_1902_NR_CS,crystallizable
Sample_1903_NR_CS,crystallizable
Sample_1904_NR_CS,crystallizable
Sample_1905_NR_CS,crystallizable
Sample_1907_NR_CS,crystallizable
Sample_1908_NR_CS,crystallizable
Sample_1909_NR_CS,crystallizable
Sample_1910_NR_CS,crystallizable
Sample_1913_NR_CS,crystallizable
Sample_1914_NR_CS,crystallizable
Sample_1915_NR_CS,crystallizable
Sample_1916_NR_CS,crystallizable
Sample_1917_NR_CS,crystallizable
Sample_1918_NR_CS,crystallizable
Sample_1921_NR_CS,crystallizable
Sample_1922_NR_CS,crystallizable
Sample_1924_NR_CS,crystallizable
Sample_1925_NR_CS,crystallizable
Sample_1926_NR_CS,crystallizable
Sample_1927_NR_CS,crystallizable
Sample_1928_NR_CS,crystallizable
Sample_1929_NR_CS,crystallizable
Sample_1930_NR_CS,crystallizable
Sample_1931_NR_CS,crystallizable
Sample_1932_NR_CS,crystallizable
Sample_1933_NR_CS,crystallizable
Sample_1934_NR_CS,crystallizable
Sample_1935_NR_CS,crystallizable
Sample_1936_NR_CS,crystallizable
Sample_1938_NR_CS,crystallizable
Sample_1939_NR_CS,crystallizable
Sample_1941_NR_CS,crystallizable
Sample_1942_NR_CS,crystallizable
Sample_1943_NR_CS,crystallizable
Sample_1944_NR_CS,crystallizable
Sample_1945_NR_CS,crystallizable
Sample_1946_NR_CS,crystallizable
Sample_1947_NR_CS,crystallizable
Sample_1949_NR_CS,crystallizable
Sample_1950_NR_CS,crystallizable
Sample_1951_NR_CS,crystallizable
Sample_1952_NR_CS,crystallizable
Sample_1953_NR_CS,crystallizable
Sample_1955_NR_CS,crystallizable
Sample_1957_NR_CS,crystallizable
Sample_1959_NR_CS,crystallizable
Sample_1961_NR_CS,crystallizable
Sample_1964_NR_CS,crystallizable
Sample_1965_NR_CS,crystallizable
Sample_1967_NR_CS,crystallizable
Sample_1968_NR_CS,crystallizable
Sample_1969_NR_CS,crystallizable
Sample_1970_NR_CS,crystallizable
Sample_1971_NR_CS,crystallizable
Sample_1972_NR_CS,crystallizable
Sample_1973_NR_CS,crystallizable
Sample_1974_NR_CS,crystallizable
Sample_1976_NR_CS,crystallizable
Sample_1978_NR_CS,crystallizable
Sample_1979_NR_CS,crystallizable
Sample_1981_NR_CS,crystallizable
Sample_1982_NR_CS,crystallizable
Sample_1983_NR_CS,crystallizable
Sample_1984_NR_CS,crystallizable
Sample_1985_NR_CS,crystallizable
Sample_1986_NR_CS,crystallizable
Sample_1988_NR_CS,crystallizable
Sample_1989_NR_CS,crystallizable
Sample_1990_NR_CS,crystallizable
Sample_1993_NR_CS,crystallizable
Sample_1994_NR_CS,crystallizable
Sample_1996_NR_CS,crystallizable
Sample_1997_NR_CS,crystallizable
Sample_1998_NR_CS,crystallizable
Sample_1999_NR_CS,crystallizable
Sample_2001_NR_CS,crystallizable
Sample_2002_NR_CS,crystallizable
Sample_2003_NR_CS,crystallizable
Sample_2004_NR_CS,crystallizable
Sample_2005_NR_CS,crystallizable
Sample_2006_NR_CS,crystallizable
Sample_2007_NR_CS,crystallizable
Sample_2008_NR_CS,crystallizable
Sample_2009_NR_CS,crystallizable
Sample_2010_NR_CS,crystallizable
Sample_2011_NR_CS,crystallizable
Sample_2012_NR_CS,crystallizable
Sample_2013_NR_CS,crystallizable
Sample_2014_NR_CS,crystallizable
Sample_2016_NR_CS,crystallizable
Sample_2017_NR_CS,crystallizable
Sample_2018_NR_CS,crystallizable
Sample_2019_NR_CS,crystallizable
Sample_2020_NR_CS,crystallizable
Sample_2022_NR_CS,crystallizable
Sample_2023_NR_CS,crystallizable
Sample_2025_NR_CS,crystallizable
Sample_2026_NR_CS,crystallizable
Sample_2028_NR_CS,crystallizable
Sample_2029_NR_CS,crystallizable
Sample_2031_NR_CS,crystallizable
Sample_2034_NR_CS,crystallizable
Sample_2036_NR_CS,crystallizable
Sample_2037_NR_CS,crystallizable
Sample_2038_NR_CS,crystallizable
Sample_2039_NR_CS,crystallizable
Sample_2040_NR_CS,crystallizable
Sample_2042_NR_CS,crystallizable
Sample_2044_NR_CS,crystallizable
Sample_2045_NR_CS,crystallizable
Sample_2047_NR_CS,crystallizable
Sample_2048_NR_CS,crystallizable
Sample_2049_NR_CS,crystallizable
Sample_2050_NR_CS,crystallizable
Sample_2051_NR_CS,crystallizable
Sample_2052_NR_CS,crystallizable
Sample_2053_NR_CS,crystallizable
Sample_2054_NR_CS,crystallizable
Sample_2055_NR_CS,crystallizable
Sample_2056_NR_CS,crystallizable
Sample_2057_NR_CS,crystallizable
Sample_2058_NR_CS,crystallizable
Sample_2060_NR_CS,crystallizable
Sample_2061_NR_CS,crystallizable
Sample_2063_NR_CS,crystallizable
Sample_2064_NR_CS,crystallizable
Sample_2065_NR_CS,crystallizable
Sample_2066_NR_CS,crystallizable
Sample_2067_NR_CS,crystallizable
Sample_2068_NR_CS,crystallizable
Sample_2069_NR_CS,crystallizable
Sample_2070_NR_CS,crystallizable
Sample_2071_NR_CS,crystallizable
Sample_2073_NR_CS,crystallizable
Sample_2074_NR_CS,crystallizable
Sample_2075_NR_CS,crystallizable
Sample_2077_NR_CS,crystallizable
Sample_2078_NR_CS,crystallizable
Sample_2079_NR_CS,crystallizable
Sample_2080_NR_CS,crystallizable
Sample_2081_NR_CS,crystallizable
Sample_2082_NR_CS,crystallizable
Sample_2083_NR_CS,crystallizable
Sample_2084_NR_CS,crystallizable
Sample_2087_NR_CS,crystallizable
Sample_2090_NR_CS,crystallizable
Sample_2091_NR_CS,crystallizable
Sample_2094_NR_CS,crystallizable
Sample_2095_NR_CS,crystallizable
Sample_2096_NR_CS,crystallizable
Sample_2097_NR_CS,crystallizable
Sample_2098_NR_CS,crystallizable
Sample_2099_NR_CS,crystallizable
Sample_2100_NR_CS,crystallizable
Sample_2101_NR_CS,crystallizable
Sample_2102_NR_CS,crystallizable
Sample_2104_NR_CS,crystallizable
Sample_2105_NR_CS,crystallizable
Sample_2106_NR_CS,crystallizable
Sample_2107_NR_CS,crystallizable
Sample_2108_NR_CS,crystallizable
Sample_2109_NR_CS,crystallizable
Sample_2111_NR_CS,crystallizable
Sample_2112_NR_CS,crystallizable
Sample_2113_NR_CS,crystallizable
Sample_2117_NR_CS,crystallizable
Sample_2118_NR_CS,crystallizable
Sample_2119_NR_CS,crystallizable
Sample_2120_NR_CS,crystallizable
Sample_2122_NR_CS,crystallizable
Sample_2124_NR_CS,crystallizable
Sample_2125_NR_CS,crystallizable
Sample_2126_NR_CS,crystallizable
Sample_2127_NR_CS,crystallizable
Sample_2128_NR_CS,crystallizable
Sample_2130_NR_CS,crystallizable
Sample_2132_NR_CS,crystallizable
Sample_2133_NR_CS,crystallizable
Sample_2134_NR_CS,crystallizable
Sample_2135_NR_CS,crystallizable
Sample_2136_NR_CS,crystallizable
Sample_2137_NR_CS,crystallizable
Sample_2138_NR_CS,crystallizable
Sample_2140_NR_CS,crystallizable
Sample_2141_NR_CS,crystallizable
Sample_2144_NR_CS,crystallizable
Sample_2146_NR_CS,crystallizable
Sample_2147_NR_CS,crystallizable
Sample_2148_NR_CS,crystallizable
Sample_2150_NR_CS,crystallizable
Sample_2151_NR_CS,crystallizable
Sample_2153_NR_CS,crystallizable
Sample_2154_NR_CS,crystallizable
Sample_2155_NR_CS,crystallizable
Sample_2157_NR_CS,crystallizable
Sample_2158_NR_CS,crystallizable
Sample_2159_NR_CS,crystallizable
Sample_2160_NR_CS,crystallizable
Sample_2162_NR_CS,crystallizable
Sample_2163_NR_CS,crystallizable
Sample_2164_NR_CS,crystallizable
Sample_2165_NR_CS,crystallizable
Sample_2166_NR_CS,crystallizable
Sample_2167_NR_CS,crystallizable
Sample_2169_NR_CS,crystallizable
Sample_2170_NR_CS,crystallizable
Sample_2171_NR_CS,crystallizable
Sample_2172_NR_CS,crystallizable
Sample_2173_NR_CS,crystallizable
Sample_2174_NR_CS,crystallizable
Sample_2175_NR_CS,crystallizable
Sample_2176_NR_CS,crystallizable
Sample_2177_NR_CS,crystallizable
Sample_2178_NR_CS,crystallizable
Sample_2179_NR_CS,crystallizable
Sample_2181_NR_CS,crystallizable
Sample_2182_NR_CS,crystallizable
Sample_2183_NR_CS,crystallizable
Sample_2184_NR_CS,crystallizable
Sample_2185_NR_CS,crystallizable
Sample_2187_NR_CS,crystallizable
Sample_2188_NR_CS,crystallizable
Sample_2190_NR_CS,crystallizable
Sample_2191_NR_CS,crystallizable
Sample_2192_NR_CS,crystallizable
Sample_2193_NR_CS,crystallizable
Sample_2194_NR_CS,crystallizable
Sample_2195_NR_CS,crystallizable
Sample_2196_NR_CS,crystallizable
Sample_2197_NR_CS,crystallizable
Sample_2198_NR_CS,crystallizable
Sample_2199_NR_CS,crystallizable
Sample_2200_NR_CS,crystallizable
Sample_2203_NR_CS,crystallizable
Sample_2204_NR_CS,crystallizable
Sample_2205_NR_CS,crystallizable
Sample_2206_NR_CS,crystallizable
Sample_2207_NR_CS,crystallizable
Sample_2210_NR_CS,crystallizable
Sample_2211_NR_CS,crystallizable
Sample_2212_NR_CS,crystallizable
Sample_2213_NR_CS,crystallizable
Sample_2214_NR_CS,crystallizable
Sample_2215_NR_CS,crystallizable
Sample_2217_NR_CS,crystallizable
Sample_2218_NR_CS,crystallizable
Sample_2220_NR_CS,crystallizable
Sample_2221_NR_CS,crystallizable
Sample_2223_NR_CS,crystallizable
Sample_2224_NR_CS,crystallizable
Sample_2227_NR_CS,crystallizable
Sample_2228_NR_CS,crystallizable
Sample_2229_NR_CS,crystallizable
Sample_2233_NR_CS,crystallizable
Sample_2234_NR_CS,crystallizable
Sample_2235_NR_CS,crystallizable
Sample_2237_NR_CS,crystallizable
Sample_2241_NR_CS,crystallizable
Sample_2242_NR_CS,crystallizable
Sample_2244_NR_CS,crystallizable
Sample_2245_NR_CS,crystallizable
Sample_2246_NR_CS,crystallizable
Sample_2248_NR_CS,crystallizable
Sample_2249_NR_CS,crystallizable
Sample_2250_NR_CS,crystallizable
Sample_2251_NR_CS,crystallizable
Sample_2252_NR_CS,crystallizable
Sample_2254_NR_CS,crystallizable
Sample_2255_NR_CS,crystallizable
Sample_2256_NR_CS,crystallizable
Sample_2258_NR_CS,crystallizable
Sample_2259_NR_CS,crystallizable
Sample_2262_NR_CS,crystallizable
Sample_2263_NR_CS,crystallizable
Sample_2264_NR_CS,crystallizable
Sample_2266_NR_CS,crystallizable
Sample_2267_NR_CS,crystallizable
Sample_2268_NR_CS,crystallizable
Sample_2270_NR_CS,crystallizable
Sample_2271_NR_CS,crystallizable
Sample_2272_NR_CS,crystallizable
Sample_2273_NR_CS,crystallizable
Sample_2274_NR_CS,crystallizable
Sample_2275_NR_CS,crystallizable
Sample_2277_NR_CS,crystallizable
Sample_2278_NR_CS,crystallizable
Sample_2279_NR_CS,crystallizable
Sample_2280_NR_CS,crystallizable
Sample_2281_NR_CS,crystallizable
Sample_2282_NR_CS,crystallizable
Sample_2284_NR_CS,crystallizable
Sample_2285_NR_CS,crystallizable
Sample_2287_NR_CS,crystallizable
Sample_2288_NR_CS,crystallizable
Sample_2290_NR_CS,crystallizable
Sample_2291_NR_CS,crystallizable
Sample_2292_NR_CS,crystallizable
Sample_2293_NR_CS,crystallizable
Sample_2294_NR_CS,crystallizable
Sample_2295_NR_CS,crystallizable
Sample_2296_NR_CS,crystallizable
Sample_2297_NR_CS,crystallizable
Sample_2298_NR_CS,crystallizable
Sample_2299_NR_CS,crystallizable
Sample_2300_NR_CS,crystallizable
Sample_2301_NR_CS,crystallizable
Sample_2306_NR_CS,crystallizable
Sample_2309_NR_CS,crystallizable
Sample_2310_NR_CS,crystallizable
Sample_2311_NR_CS,crystallizable
Sample_2313_NR_CS,crystallizable
Sample_2315_NR_CS,crystallizable
Sample_2316_NR_CS,crystallizable
Sample_2317_NR_CS,crystallizable
Sample_2319_NR_CS,crystallizable
Sample_2321_NR_CS,crystallizable
Sample_2322_NR_CS,crystallizable
Sample_2323_NR_CS,crystallizable
Sample_2324_NR_CS,crystallizable
Sample_2325_NR_CS,crystallizable
Sample_2326_NR_CS,crystallizable
Sample_2328_NR_CS,crystallizable
Sample_2329_NR_CS,crystallizable
Sample_2330_NR_CS,crystallizable
Sample_2331_NR_CS,crystallizable
Sample_2332_NR_CS,crystallizable
Sample_2333_NR_CS,crystallizable
Sample_2334_NR_CS,crystallizable
Sample_2336_NR_CS,crystallizable
Sample_2337_NR_CS,crystallizable
Sample_2338_NR_CS,crystallizable
Sample_2339_NR_CS,crystallizable
Sample_2340_NR_CS,crystallizable
Sample_2341_NR_CS,crystallizable
Sample_2343_NR_CS,crystallizable
Sample_2344_NR_CS,crystallizable
Sample_2345_NR_CS,crystallizable
Sample_2346_NR_CS,crystallizable
Sample_2347_NR_CS,crystallizable
Sample_2348_NR_CS,crystallizable
Sample_2349_NR_CS,crystallizable
Sample_2350_NR_CS,crystallizable
Sample_2351_NR_CS,crystallizable
Sample_2352_NR_CS,crystallizable
Sample_2355_NR_CS,crystallizable
Sample_2357_NR_CS,crystallizable
Sample_2358_NR_CS,crystallizable
Sample_2359_NR_CS,crystallizable
Sample_2361_NR_CS,crystallizable
Sample_2365_NR_CS,crystallizable
Sample_2366_NR_CS,crystallizable
Sample_2367_NR_CS,crystallizable
Sample_2369_NR_CS,crystallizable
Sample_2371_NR_CS,crystallizable
Sample_2372_NR_CS,crystallizable
Sample_2373_NR_CS,crystallizable
Sample_2374_NR_CS,crystallizable
Sample_2375_NR_CS,crystallizable
Sample_2376_NR_CS,crystallizable
Sample_2378_NR_CS,crystallizable
Sample_2379_NR_CS,crystallizable
Sample_2381_NR_CS,crystallizable
Sample_2382_NR_CS,crystallizable
Sample_2384_NR_CS,crystallizable
Sample_2385_NR_CS,crystallizable
Sample_2386_NR_CS,crystallizable
Sample_2388_NR_CS,crystallizable
Sample_2389_NR_CS,crystallizable
Sample_2390_NR_CS,crystallizable
Sample_2391_NR_CS,crystallizable
Sample_2392_NR_CS,crystallizable
Sample_2394_NR_CS,crystallizable
Sample_2396_NR_CS,crystallizable
Sample_2397_NR_CS,crystallizable
Sample_2398_NR_CS,crystallizable
Sample_2399_NR_CS,crystallizable
Sample_2400_NR_CS,crystallizable
Sample_2401_NR_CS,crystallizable
Sample_2402_NR_CS,crystallizable
Sample_2404_NR_CS,crystallizable
Sample_2405_NR_CS,crystallizable
Sample_2406_NR_CS,crystallizable
Sample_2407_NR_CS,crystallizable
Sample_2408_NR_CS,crystallizable
Sample_2409_NR_CS,crystallizable
Sample_2410_NR_CS,crystallizable
Sample_2411_NR_CS,crystallizable
Sample_2412_NR_CS,crystallizable
Sample_2413_NR_CS,crystallizable
Sample_2414_NR_CS,crystallizable
Sample_2415_NR_CS,crystallizable
Sample_2416_NR_CS,crystallizable
Sample_2417_NR_CS,crystallizable
Sample_2418_NR_CS,crystallizable
Sample_2420_NR_CS,crystallizable
Sample_2421_NR_CS,crystallizable
Sample_2422_NR_CS,crystallizable
Sample_2423_NR_CS,crystallizable
Sample_2424_NR_CS,crystallizable
Sample_2426_NR_CS,crystallizable
Sample_2427_NR_CS,crystallizable
Sample_2430_NR_CS,crystallizable
Sample_2431_NR_CS,crystallizable
Sample_2432_NR_CS,crystallizable
Sample_2433_NR_CS,crystallizable
Sample_2434_NR_CS,crystallizable
Sample_2435_NR_CS,crystallizable
Sample_2436_NR_CS,crystallizable
Sample_2437_NR_CS,crystallizable
Sample_2438_NR_CS,crystallizable
Sample_2439_NR_CS,crystallizable
Sample_2440_NR_CS,crystallizable
Sample_2442_NR_CS,crystallizable
Sample_2443_NR_CS,crystallizable
Sample_2445_NR_CS,crystallizable
Sample_2447_NR_CS,crystallizable
Sample_2449_NR_CS,crystallizable
Sample_2450_NR_CS,crystallizable
Sample_2451_NR_CS,crystallizable
Sample_2453_NR_CS,crystallizable
Sample_2454_NR_CS,crystallizable
Sample_2455_NR_CS,crystallizable
Sample_2456_NR_CS,crystallizable
Sample_2458_NR_CS,crystallizable
Sample_2459_NR_CS,crystallizable
Sample_2460_NR_CS,crystallizable
Sample_2462_NR_CS,crystallizable
Sample_2464_NR_CS,crystallizable
Sample_2465_NR_CS,crystallizable
Sample_2466_NR_CS,crystallizable
Sample_2469_NR_CS,crystallizable
Sample_2470_NR_CS,crystallizable
Sample_2471_NR_CS,crystallizable
Sample_2473_NR_CS,crystallizable
Sample_2474_NR_CS,crystallizable
Sample_2475_NR_CS,crystallizable
Sample_2476_NR_CS,crystallizable
Sample_2477_NR_CS,crystallizable
Sample_2479_NR_CS,crystallizable
Sample_2480_NR_CS,crystallizable
Sample_2481_NR_CS,crystallizable
Sample_2482_NR_CS,crystallizable
Sample_2483_NR_CS,crystallizable
Sample_2484_NR_CS,crystallizable
Sample_2485_NR_CS,crystallizable
Sample_2488_NR_CS,crystallizable
Sample_2489_NR_CS,crystallizable
Sample_2490_NR_CS,crystallizable
Sample_2491_NR_CS,crystallizable
Sample_2492_NR_CS,crystallizable
Sample_2494_NR_CS,crystallizable
Sample_2496_NR_CS,crystallizable
Sample_2499_NR_CS,crystallizable
Sample_2500_NR_CS,crystallizable
Sample_2501_NR_CS,crystallizable
Sample_2503_NR_CS,crystallizable
Sample_2504_NR_CS,crystallizable
Sample_2505_NR_CS,crystallizable
Sample_2506_NR_CS,crystallizable
Sample_2507_NR_CS,crystallizable
Sample_2508_NR_CS,crystallizable
Sample_2509_NR_CS,crystallizable
Sample_2510_NR_CS,crystallizable
Sample_2511_NR_CS,crystallizable
Sample_2512_NR_CS,crystallizable
Sample_2513_NR_CS,crystallizable
Sample_2514_NR_CS,crystallizable
Sample_2515_NR_CS,crystallizable
Sample_2516_NR_CS,crystallizable
Sample_2517_NR_CS,crystallizable
Sample_2518_NR_CS,crystallizable
Sample_2519_NR_CS,crystallizable
Sample_2520_NR_CS,crystallizable
Sample_2521_NR_CS,crystallizable
Sample_2522_NR_CS,crystallizable
Sample_2524_NR_CS,crystallizable
Sample_2525_NR_CS,crystallizable
Sample_2526_NR_CS,crystallizable
Sample_2527_NR_CS,crystallizable
Sample_2528_NR_CS,crystallizable
Sample_2529_NR_CS,crystallizable
Sample_2530_NR_CS,crystallizable
Sample_2531_NR_CS,crystallizable
Sample_2533_NR_CS,crystallizable
Sample_2534_NR_CS,crystallizable
Sample_2535_NR_CS,crystallizable
Sample_2536_NR_CS,crystallizable
Sample_2537_NR_CS,crystallizable
Sample_2538_NR_CS,crystallizable
Sample_2540_NR_CS,crystallizable
Sample_2541_NR_CS,crystallizable
Sample_2542_NR_CS,crystallizable
Sample_2543_NR_CS,crystallizable
Sample_2544_NR_CS,crystallizable
Sample_2545_NR_CS,crystallizable
Sample_2546_NR_CS,crystallizable
Sample_2547_NR_CS,crystallizable
Sample_2548_NR_CS,crystallizable
Sample_2549_NR_CS,crystallizable
Sample_2550_NR_CS,crystallizable
Sample_2551_NR_CS,crystallizable
Sample_2552_NR_CS,crystallizable
Sample_2553_NR_CS,crystallizable
Sample_2555_NR_CS,crystallizable
Sample_2556_NR_CS,crystallizable
Sample_2557_NR_CS,crystallizable
Sample_2559_NR_CS,crystallizable
Sample_2561_NR_CS,crystallizable
Sample_2562_NR_CS,crystallizable
Sample_2563_NR_CS,crystallizable
Sample_2564_NR_CS,crystallizable
Sample_2566_NR_CS,crystallizable
Sample_2568_NR_CS,crystallizable
Sample_2570_NR_CS,crystallizable
Sample_2571_NR_CS,crystallizable
Sample_2572_NR_CS,crystallizable
Sample_2573_NR_CS,crystallizable
Sample_2574_NR_CS,crystallizable
Sample_2575_NR_CS,crystallizable
Sample_2576_NR_CS,crystallizable
Sample_2577_NR_CS,crystallizable
Sample_2578_NR_CS,crystallizable
Sample_2579_NR_CS,crystallizable
Sample_2580_NR_CS,crystallizable
Sample_2581_NR_CS,crystallizable
Sample_2583_NR_CS,crystallizable
Sample_2585_NR_CS,crystallizable
Sample_2586_NR_CS,crystallizable
Sample_2587_NR_CS,crystallizable
Sample_2588_NR_CS,crystallizable
Sample_2589_NR_CS,crystallizable
Sample_2590_NR_CS,crystallizable
Sample_2591_NR_CS,crystallizable
Sample_2592_NR_CS,crystallizable
Sample_2593_NR_CS,crystallizable
Sample_2594_NR_CS,crystallizable
Sample_2595_NR_CS,crystallizable
Sample_2596_NR_CS,crystallizable
Sample_2597_NR_CS,crystallizable
Sample_2598_NR_CS,crystallizable
Sample_2599_NR_CS,crystallizable
Sample_2601_NR_CS,crystallizable
Sample_2602_NR_CS,crystallizable
Sample_2603_NR_CS,crystallizable
Sample_2604_NR_CS,crystallizable
Sample_2605_NR_CS,crystallizable
Sample_2606_NR_CS,crystallizable
Sample_2608_NR_CS,crystallizable
Sample_2609_NR_CS,crystallizable
Sample_2610_NR_CS,crystallizable
Sample_2611_NR_CS,crystallizable
Sample_2612_NR_CS,crystallizable
Sample_2613_NR_CS,crystallizable
Sample_2614_NR_CS,crystallizable
Sample_2615_NR_CS,crystallizable
Sample_2616_NR_CS,crystallizable
Sample_2619_NR_CS,crystallizable
Sample_2620_NR_CS,crystallizable
Sample_2622_NR_CS,crystallizable
Sample_2623_NR_CS,crystallizable
Sample_2624_NR_CS,crystallizable
Sample_2625_NR_CS,crystallizable
Sample_2626_NR_CS,crystallizable
Sample_2627_NR_CS,crystallizable
Sample_2629_NR_CS,crystallizable
Sample_2630_NR_CS,crystallizable
Sample_2631_NR_CS,crystallizable
Sample_2632_NR_CS,crystallizable
Sample_2633_NR_CS,crystallizable
Sample_2634_NR_CS,crystallizable
Sample_2635_NR_CS,crystallizable
Sample_2636_NR_CS,crystallizable
Sample_2637_NR_CS,crystallizable
Sample_2638_NR_CS,crystallizable
Sample_2639_NR_CS,crystallizable
Sample_2640_NR_CS,crystallizable
Sample_2641_NR_CS,crystallizable
Sample_2642_NR_CS,crystallizable
Sample_2643_NR_CS,crystallizable
Sample_2644_NR_CS,crystallizable
Sample_2645_NR_CS,crystallizable
Sample_2646_NR_CS,crystallizable
Sample_2647_NR_CS,crystallizable
Sample_2648_NR_CS,crystallizable
Sample_2649_NR_CS,crystallizable
Sample_2650_NR_CS,crystallizable
Sample_2651_NR_CS,crystallizable
Sample_2653_NR_CS,crystallizable
Sample_2654_NR_CS,crystallizable
Sample_2656_NR_CS,crystallizable
Sample_2657_NR_CS,crystallizable
Sample_2659_NR_CS,crystallizable
Sample_2660_NR_CS,crystallizable
Sample_2661_NR_CS,crystallizable
Sample_2663_NR_CS,crystallizable
Sample_2666_NR_CS,crystallizable
Sample_2667_NR_CS,crystallizable
Sample_2668_NR_CS,crystallizable
Sample_2669_NR_CS,crystallizable
Sample_2671_NR_CS,crystallizable
Sample_2672_NR_CS,crystallizable
Sample_2673_NR_CS,crystallizable
Sample_2674_NR_CS,crystallizable
Sample_2676_NR_CS,crystallizable
Sample_2678_NR_CS,crystallizable
Sample_2679_NR_CS,crystallizable
Sample_2680_NR_CS,crystallizable
Sample_2682_NR_CS,crystallizable
Sample_2683_NR_CS,crystallizable
Sample_2684_NR_CS,crystallizable
Sample_2685_NR_CS,crystallizable
Sample_2686_NR_CS,crystallizable
Sample_2687_NR_CS,crystallizable
Sample_2688_NR_CS,crystallizable
Sample_2689_NR_CS,crystallizable
Sample_2690_NR_CS,crystallizable
Sample_2692_NR_CS,crystallizable
Sample_2693_NR_CS,crystallizable
Sample_2695_NR_CS,crystallizable
Sample_2699_NR_CS,crystallizable
Sample_2700_NR_CS,crystallizable
Sample_2701_NR_CS,crystallizable
Sample_2702_NR_CS,crystallizable
Sample_2703_NR_CS,crystallizable
Sample_2704_NR_CS,crystallizable
Sample_2705_NR_CS,crystallizable
Sample_2706_NR_CS,crystallizable
Sample_2707_NR_CS,crystallizable
Sample_2708_NR_CS,crystallizable
Sample_2709_NR_CS,crystallizable
Sample_2710_NR_CS,crystallizable
Sample_2712_NR_CS,crystallizable
Sample_2714_NR_CS,crystallizable
Sample_2715_NR_CS,crystallizable
Sample_2716_NR_CS,crystallizable
Sample_2717_NR_CS,crystallizable
Sample_2719_NR_CS,crystallizable
Sample_2721_NR_CS,crystallizable
Sample_2722_NR_CS,crystallizable
Sample_2725_NR_CS,crystallizable
Sample_2726_NR_CS,crystallizable
Sample_2727_NR_CS,crystallizable
Sample_2728_NR_CS,crystallizable
Sample_2729_NR_CS,crystallizable
Sample_2731_NR_CS,crystallizable
Sample_2732_NR_CS,crystallizable
Sample_2735_NR_CS,crystallizable
Sample_2737_NR_CS,crystallizable
Sample_2738_NR_CS,crystallizable
Sample_2739_NR_CS,crystallizable
Sample_2740_NR_CS,crystallizable
Sample_2741_NR_CS,crystallizable
Sample_2743_NR_CS,crystallizable
Sample_2744_NR_CS,crystallizable
Sample_2745_NR_CS,crystallizable
Sample_2748_NR_CS,crystallizable
Sample_2749_NR_CS,crystallizable
Sample_2750_NR_CS,crystallizable
Sample_2751_NR_CS,crystallizable
Sample_2752_NR_CS,crystallizable
Sample_2753_NR_CS,crystallizable
Sample_2754_NR_CS,crystallizable
Sample_2755_NR_CS,crystallizable
Sample_2756_NR_CS,crystallizable
Sample_2757_NR_CS,crystallizable
Sample_2759_NR_CS,crystallizable
Sample_2761_NR_CS,crystallizable
Sample_2762_NR_CS,crystallizable
Sample_2763_NR_CS,crystallizable
Sample_2764_NR_CS,crystallizable
Sample_2765_NR_CS,crystallizable
Sample_2766_NR_CS,crystallizable
Sample_2767_NR_CS,crystallizable
Sample_2768_NR_CS,crystallizable
Sample_2769_NR_CS,crystallizable
Sample_2770_NR_CS,crystallizable
Sample_2771_NR_CS,crystallizable
Sample_2773_NR_CS,crystallizable
Sample_2774_NR_CS,crystallizable
Sample_2775_NR_CS,crystallizable
Sample_2776_NR_CS,crystallizable
Sample_2777_NR_CS,crystallizable
Sample_2778_NR_CS,crystallizable
Sample_2779_NR_CS,crystallizable
Sample_2780_NR_CS,crystallizable
Sample_2781_NR_CS,crystallizable
Sample_2782_NR_CS,crystallizable
Sample_2783_NR_CS,crystallizable
Sample_2784_NR_CS,crystallizable
Sample_2785_NR_CS,crystallizable
Sample_2786_NR_CS,crystallizable
Sample_2787_NR_CS,crystallizable
Sample_2788_NR_CS,crystallizable
Sample_2789_NR_CS,crystallizable
Sample_2790_NR_CS,crystallizable
Sample_2791_NR_CS,crystallizable
Sample_2793_NR_CS,crystallizable
Sample_2794_NR_CS,crystallizable
Sample_2797_NR_CS,crystallizable
Sample_2798_NR_CS,crystallizable
Sample_2799_NR_CS,crystallizable
Sample_2800_NR_CS,crystallizable
Sample_2801_NR_CS,crystallizable
Sample_2802_NR_CS,crystallizable
Sample_2803_NR_CS,crystallizable
Sample_2804_NR_CS,crystallizable
Sample_2805_NR_CS,crystallizable
Sample_2806_NR_CS,crystallizable
Sample_2807_NR_CS,crystallizable
Sample_2808_NR_CS,crystallizable
Sample_2809_NR_CS,crystallizable
Sample_2810_NR_CS,crystallizable
Sample_2811_NR_CS,crystallizable
Sample_2812_NR_CS,crystallizable
Sample_2813_NR_CS,crystallizable
Sample_2815_NR_CS,crystallizable
Sample_2816_NR_CS,crystallizable
Sample_2817_NR_CS,crystallizable
Sample_2818_NR_CS,crystallizable
Sample_2819_NR_CS,crystallizable
Sample_2820_NR_CS,crystallizable
Sample_2821_NR_CS,crystallizable
Sample_2822_NR_CS,crystallizable
Sample_2823_NR_CS,crystallizable
Sample_2824_NR_CS,crystallizable
Sample_2825_NR_CS,crystallizable
Sample_2826_NR_CS,crystallizable
Sample_2827_NR_CS,crystallizable
Sample_2828_NR_CS,crystallizable
Sample_2829_NR_CS,crystallizable
Sample_2830_NR_CS,crystallizable
Sample_2832_NR_CS,crystallizable
Sample_2833_NR_CS,crystallizable
Sample_2834_NR_CS,crystallizable
Sample_2835_NR_CS,crystallizable
Sample_2836_NR_CS,crystallizable
Sample_2837_NR_CS,crystallizable
Sample_2839_NR_CS,crystallizable
Sample_2841_NR_CS,crystallizable
Sample_2842_NR_CS,crystallizable
Sample_2843_NR_CS,crystallizable
Sample_2844_NR_CS,crystallizable
Sample_2845_NR_CS,crystallizable
Sample_2846_NR_CS,crystallizable
Sample_2847_NR_CS,crystallizable
Sample_2848_NR_CS,crystallizable
Sample_2849_NR_CS,crystallizable
Sample_2850_NR_CS,crystallizable
Sample_2851_NR_CS,crystallizable
Sample_2852_NR_CS,crystallizable
Sample_2853_NR_CS,crystallizable
Sample_2854_NR_CS,crystallizable
Sample_2855_NR_CS,crystallizable
Sample_2856_NR_CS,crystallizable
Sample_2857_NR_CS,crystallizable
Sample_2858_NR_CS,crystallizable
Sample_2859_NR_CS,crystallizable
Sample_2860_NR_CS,crystallizable
Sample_2862_NR_CS,crystallizable
Sample_2863_NR_CS,crystallizable
Sample_2864_NR_CS,crystallizable
Sample_2865_NR_CS,crystallizable
Sample_2866_NR_CS,crystallizable
Sample_2867_NR_CS,crystallizable
Sample_2868_NR_CS,crystallizable
Sample_2869_NR_CS,crystallizable
Sample_2870_NR_CS,crystallizable
Sample_2871_NR_CS,crystallizable
Sample_2873_NR_CS,crystallizable
Sample_2874_NR_CS,crystallizable
Sample_2875_NR_CS,crystallizable
Sample_2876_NR_CS,crystallizable
Sample_2877_NR_CS,crystallizable
Sample_2878_NR_CS,crystallizable
Sample_2879_NR_CS,crystallizable
Sample_2880_NR_CS,crystallizable
Sample_2882_NR_CS,crystallizable
Sample_2884_NR_CS,crystallizable
Sample_2886_NR_CS,crystallizable
Sample_2887_NR_CS,crystallizable
Sample_2888_NR_CS,crystallizable
Sample_2889_NR_CS,crystallizable
Sample_2891_NR_CS,crystallizable
Sample_2892_NR_CS,crystallizable
Sample_2894_NR_CS,crystallizable
Sample_2895_NR_CS,crystallizable
Sample_2896_NR_CS,crystallizable
Sample_2897_NR_CS,crystallizable
Sample_2898_NR_CS,crystallizable
Sample_2900_NR_CS,crystallizable
Sample_2901_NR_CS,crystallizable
Sample_2902_NR_CS,crystallizable
Sample_2905_NR_CS,crystallizable
Sample_2906_NR_CS,crystallizable
Sample_2907_NR_CS,crystallizable
Sample_2908_NR_CS,crystallizable
Sample_2909_NR_CS,crystallizable
Sample_2910_NR_CS,crystallizable
Sample_2911_NR_CS,crystallizable
Sample_2912_NR_CS,crystallizable
Sample_2914_NR_CS,crystallizable
Sample_2916_NR_CS,crystallizable
Sample_2919_NR_CS,crystallizable
Sample_2920_NR_CS,crystallizable
Sample_2921_NR_CS,crystallizable
Sample_2922_NR_CS,crystallizable
Sample_2923_NR_CS,crystallizable
Sample_2927_NR_CS,crystallizable
Sample_2928_NR_CS,crystallizable
Sample_2929_NR_CS,crystallizable
Sample_2930_NR_CS,crystallizable
Sample_2931_NR_CS,crystallizable
Sample_2932_NR_CS,crystallizable
Sample_2933_NR_CS,crystallizable
Sample_2934_NR_CS,crystallizable
Sample_2935_NR_CS,crystallizable
Sample_2937_NR_CS,crystallizable
Sample_2938_NR_CS,crystallizable
Sample_2939_NR_CS,crystallizable
Sample_2940_NR_CS,crystallizable
Sample_2942_NR_CS,crystallizable
Sample_2943_NR_CS,crystallizable
Sample_2944_NR_CS,crystallizable
Sample_2945_NR_CS,crystallizable
Sample_2946_NR_CS,crystallizable
Sample_2948_NR_CS,crystallizable
Sample_2949_NR_CS,crystallizable
Sample_2950_NR_CS,crystallizable
Sample_2951_NR_CS,crystallizable
Sample_2952_NR_CS,crystallizable
Sample_2953_NR_CS,crystallizable
Sample_2954_NR_CS,crystallizable
Sample_2956_NR_CS,crystallizable
Sample_2957_NR_CS,crystallizable
Sample_2958_NR_CS,crystallizable
Sample_2959_NR_CS,crystallizable
Sample_2962_NR_CS,crystallizable
Sample_2963_NR_CS,crystallizable
Sample_2966_NR_CS,crystallizable
Sample_2969_NR_CS,crystallizable
Sample_2970_NR_CS,crystallizable
Sample_2971_NR_CS,crystallizable
Sample_2972_NR_CS,crystallizable
Sample_2973_NR_CS,crystallizable
Sample_2974_NR_CS,crystallizable
Sample_2975_NR_CS,crystallizable
Sample_2976_NR_CS,crystallizable
Sample_2977_NR_CS,crystallizable
Sample_2978_NR_CS,crystallizable
Sample_2980_NR_CS,crystallizable
Sample_2982_NR_CS,crystallizable
Sample_2983_NR_CS,crystallizable
Sample_2984_NR_CS,crystallizable
Sample_2985_NR_CS,crystallizable
Sample_2986_NR_CS,crystallizable
Sample_2987_NR_CS,crystallizable
Sample_2989_NR_CS,crystallizable
Sample_2992_NR_CS,crystallizable
Sample_2994_NR_CS,crystallizable
Sample_2995_NR_CS,crystallizable
Sample_2997_NR_CS,crystallizable
Sample_2999_NR_CS,crystallizable
Sample_3001_NR_CS,crystallizable
Sample_3002_NR_CS,crystallizable
Sample_3003_NR_CS,crystallizable
Sample_3004_NR_CS,crystallizable
Sample_3005_NR_CS,crystallizable
Sample_3006_NR_CS,crystallizable
Sample_3007_NR_CS,crystallizable
Sample_3008_NR_CS,crystallizable
Sample_3009_NR_CS,crystallizable
Sample_3010_NR_CS,crystallizable
Sample_3011_NR_CS,crystallizable
Sample_3012_NR_CS,crystallizable
Sample_3016_NR_CS,crystallizable
Sample_3017_NR_CS,crystallizable
Sample_3018_NR_CS,crystallizable
Sample_3020_NR_CS,crystallizable
Sample_3024_NR_CS,crystallizable
Sample_3027_NR_CS,crystallizable
Sample_3028_NR_CS,crystallizable
Sample_3030_NR_CS,crystallizable
Sample_3031_NR_CS,crystallizable
Sample_3035_NR_CS,crystallizable
Sample_3036_NR_CS,crystallizable
Sample_3037_NR_CS,crystallizable
Sample_3039_NR_CS,crystallizable
Sample_3040_NR_CS,crystallizable
Sample_3041_NR_CS,crystallizable
Sample_3042_NR_CS,crystallizable
Sample_3043_NR_CS,crystallizable
Sample_3044_NR_CS,crystallizable
Sample_3045_NR_CS,crystallizable
Sample_3047_NR_CS,crystallizable
Sample_3048_NR_CS,crystallizable
Sample_3050_NR_CS,crystallizable
Sample_3051_NR_CS,crystallizable
Sample_3052_NR_CS,crystallizable
Sample_3053_NR_CS,crystallizable
Sample_3054_NR_CS,crystallizable
Sample_3058_NR_CS,crystallizable
Sample_3062_NR_CS,crystallizable
Sample_3063_NR_CS,crystallizable
Sample_3064_NR_CS,crystallizable
Sample_3066_NR_CS,crystallizable
Sample_3067_NR_CS,crystallizable
Sample_3068_NR_CS,crystallizable
Sample_3069_NR_CS,crystallizable
Sample_3070_NR_CS,crystallizable
Sample_3071_NR_CS,crystallizable
Sample_3073_NR_CS,crystallizable
Sample_3074_NR_CS,crystallizable
Sample_3075_NR_CS,crystallizable
Sample_3076_NR_CS,crystallizable
Sample_3077_NR_CS,crystallizable
Sample_3078_NR_CS,crystallizable
Sample_3079_NR_CS,crystallizable
Sample_3080_NR_CS,crystallizable
Sample_3081_NR_CS,crystallizable
Sample_3082_NR_CS,crystallizable
Sample_3084_NR_CS,crystallizable
Sample_3086_NR_CS,crystallizable
Sample_3090_NR_CS,crystallizable
Sample_3091_NR_CS,crystallizable
Sample_3092_NR_CS,crystallizable
Sample_3093_NR_CS,crystallizable
Sample_3095_NR_CS,crystallizable
Sample_3096_NR_CS,crystallizable
Sample_3098_NR_CS,crystallizable
Sample_3099_NR_CS,crystallizable
Sample_3100_NR_CS,crystallizable
Sample_3101_NR_CS,crystallizable
Sample_3103_NR_CS,crystallizable
Sample_3105_NR_CS,crystallizable
Sample_3106_NR_CS,crystallizable
Sample_3107_NR_CS,crystallizable
Sample_3108_NR_CS,crystallizable
Sample_3109_NR_CS,crystallizable
Sample_3110_NR_CS,crystallizable
Sample_3111_NR_CS,crystallizable
Sample_3112_NR_CS,crystallizable
Sample_3114_NR_CS,crystallizable
Sample_3115_NR_CS,crystallizable
Sample_3117_NR_CS,crystallizable
Sample_3119_NR_CS,crystallizable
Sample_3124_NR_CS,crystallizable
Sample_3126_NR_CS,crystallizable
Sample_3127_NR_CS,crystallizable
Sample_3128_NR_CS,crystallizable
Sample_3129_NR_CS,crystallizable
Sample_3131_NR_CS,crystallizable
Sample_3132_NR_CS,crystallizable
Sample_3133_NR_CS,crystallizable
Sample_3134_NR_CS,crystallizable
Sample_3135_NR_CS,crystallizable
Sample_3137_NR_CS,crystallizable
Sample_3138_NR_CS,crystallizable
Sample_3140_NR_CS,crystallizable
Sample_3141_NR_CS,crystallizable
Sample_3143_NR_CS,crystallizable
Sample_3144_NR_CS,crystallizable
Sample_3145_NR_CS,crystallizable
Sample_3146_NR_CS,crystallizable
Sample_3147_NR_CS,crystallizable
Sample_3149_NR_CS,crystallizable
Sample_3150_NR_CS,crystallizable
Sample_3154_NR_CS,crystallizable
Sample_3155_NR_CS,crystallizable
Sample_3156_NR_CS,crystallizable
Sample_3157_NR_CS,crystallizable
Sample_3158_NR_CS,crystallizable
Sample_3160_NR_CS,crystallizable
Sample_3161_NR_CS,crystallizable
Sample_3162_NR_CS,crystallizable
Sample_3163_NR_CS,crystallizable
Sample_3166_NR_CS,crystallizable
Sample_3167_NR_CS,crystallizable
Sample_3168_NR_CS,crystallizable
Sample_3170_NR_CS,crystallizable
Sample_3171_NR_CS,crystallizable
Sample_3172_NR_CS,crystallizable
Sample_3173_NR_CS,crystallizable
Sample_3174_NR_CS,crystallizable
Sample_3175_NR_CS,crystallizable
Sample_3178_NR_CS,crystallizable
Sample_3179_NR_CS,crystallizable
Sample_3180_NR_CS,crystallizable
Sample_3181_NR_CS,crystallizable
Sample_3182_NR_CS,crystallizable
Sample_3183_NR_CS,crystallizable
Sample_3184_NR_CS,crystallizable
Sample_3185_NR_CS,crystallizable
Sample_3186_NR_CS,crystallizable
Sample_3188_NR_CS,crystallizable
Sample_3190_NR_CS,crystallizable
Sample_3191_NR_CS,crystallizable
Sample_3192_NR_CS,crystallizable
Sample_3193_NR_CS,crystallizable
Sample_3194_NR_CS,crystallizable
Sample_3195_NR_CS,crystallizable
Sample_3197_NR_CS,crystallizable
Sample_3198_NR_CS,crystallizable
Sample_3199_NR_CS,crystallizable
Sample_3200_NR_CS,crystallizable
Sample_3201_NR_CS,crystallizable
Sample_3202_NR_CS,crystallizable
Sample_3205_NR_CS,crystallizable
Sample_3206_NR_CS,crystallizable
Sample_3207_NR_CS,crystallizable
Sample_3208_NR_CS,crystallizable
Sample_3209_NR_CS,crystallizable
Sample_3210_NR_CS,crystallizable
Sample_3214_NR_CS,crystallizable
Sample_3215_NR_CS,crystallizable
Sample_3216_NR_CS,crystallizable
Sample_3217_NR_CS,crystallizable
Sample_3218_NR_CS,crystallizable
Sample_3219_NR_CS,crystallizable
Sample_3221_NR_CS,crystallizable
Sample_3223_NR_CS,crystallizable
Sample_3224_NR_CS,crystallizable
Sample_3225_NR_CS,crystallizable
Sample_3227_NR_CS,crystallizable
Sample_3228_NR_CS,crystallizable
Sample_3229_NR_CS,crystallizable
Sample_3230_NR_CS,crystallizable
Sample_3231_NR_CS,crystallizable
Sample_3232_NR_CS,crystallizable
Sample_3233_NR_CS,crystallizable
Sample_3234_NR_CS,crystallizable
Sample_3235_NR_CS,crystallizable
Sample_3237_NR_CS,crystallizable
Sample_3238_NR_CS,crystallizable
Sample_3239_NR_CS,crystallizable
Sample_3240_NR_CS,crystallizable
Sample_3242_NR_CS,crystallizable
Sample_3244_NR_CS,crystallizable
Sample_3245_NR_CS,crystallizable
Sample_3248_NR_CS,crystallizable
Sample_3249_NR_CS,crystallizable
Sample_3250_NR_CS,crystallizable
Sample_3251_NR_CS,crystallizable
Sample_3252_NR_CS,crystallizable
Sample_3253_NR_CS,crystallizable
Sample_3254_NR_CS,crystallizable
Sample_3256_NR_CS,crystallizable
Sample_3257_NR_CS,crystallizable
Sample_3259_NR_CS,crystallizable
Sample_3260_NR_CS,crystallizable
Sample_3261_NR_CS,crystallizable
Sample_3262_NR_CS,crystallizable
Sample_3266_NR_CS,crystallizable
Sample_3267_NR_CS,crystallizable
Sample_3268_NR_CS,crystallizable
Sample_3269_NR_CS,crystallizable
Sample_3270_NR_CS,crystallizable
Sample_3271_NR_CS,crystallizable
Sample_3272_NR_CS,crystallizable
Sample_3273_NR_CS,crystallizable
Sample_3274_NR_CS,crystallizable
Sample_3277_NR_CS,crystallizable
Sample_3278_NR_CS,crystallizable
Sample_3279_NR_CS,crystallizable
Sample_3280_NR_CS,crystallizable
Sample_3281_NR_CS,crystallizable
Sample_3282_NR_CS,crystallizable
Sample_3284_NR_CS,crystallizable
Sample_3285_NR_CS,crystallizable
Sample_3289_NR_CS,crystallizable
Sample_3290_NR_CS,crystallizable
Sample_3291_NR_CS,crystallizable
Sample_3293_NR_CS,crystallizable
Sample_3294_NR_CS,crystallizable
Sample_3295_NR_CS,crystallizable
Sample_3296_NR_CS,crystallizable
Sample_3298_NR_CS,crystallizable
Sample_3299_NR_CS,crystallizable
Sample_3300_NR_CS,crystallizable
Sample_3302_NR_CS,crystallizable
Sample_3303_NR_CS,crystallizable
Sample_3304_NR_CS,crystallizable
Sample_3306_NR_CS,crystallizable
Sample_3308_NR_CS,crystallizable
Sample_3310_NR_CS,crystallizable
Sample_3311_NR_CS,crystallizable
Sample_3313_NR_CS,crystallizable
Sample_3388_NR_CS,crystallizable
Sample_3390_NR_CS,crystallizable
Sample_3393_NR_CS,crystallizable
Sample_3395_NR_CS,crystallizable
Sample_3396_NR_CS,crystallizable
Sample_3397_NR_CS,crystallizable
Sample_3399_NR_CS,crystallizable
Sample_3400_NR_CS,crystallizable
Sample_3401_NR_CS,crystallizable
Sample_3402_NR_CS,crystallizable
Sample_3403_NR_CS,crystallizable
Sample_3404_NR_CS,crystallizable
Sample_3405_NR_CS,crystallizable
Sample_3406_NR_CS,crystallizable
Sample_3407_NR_CS,crystallizable
Sample_3408_NR_CS,crystallizable
Sample_3412_NR_CS,crystallizable
Sample_3414_NR_CS,crystallizable
Sample_3415_NR_CS,crystallizable
Sample_3416_NR_CS,crystallizable
Sample_3418_NR_CS,crystallizable
Sample_3419_NR_CS,crystallizable
Sample_3420_NR_CS,crystallizable
Sample_3423_NR_CS,crystallizable
Sample_3424_NR_CS,crystallizable
Sample_3425_NR_CS,crystallizable
Sample_3426_NR_CS,crystallizable
Sample_3427_NR_CS,crystallizable
Sample_3428_NR_CS,crystallizable
Sample_3429_NR_CS,crystallizable
Sample_3430_NR_CS,crystallizable
Sample_3431_NR_CS,crystallizable
Sample_3433_NR_CS,crystallizable
Sample_3434_NR_CS,crystallizable
Sample_3435_NR_CS,crystallizable
Sample_3436_NR_CS,crystallizable
Sample_3438_NR_CS,crystallizable
Sample_3439_NR_CS,crystallizable
Sample_3441_NR_CS,crystallizable
Sample_3442_NR_CS,crystallizable
Sample_3443_NR_CS,crystallizable
Sample_3447_NR_CS,crystallizable
Sample_3448_NR_CS,crystallizable
Sample_3449_NR_CS,crystallizable
Sample_3451_NR_CS,crystallizable
Sample_3452_NR_CS,crystallizable
Sample_3453_NR_CS,crystallizable
Sample_3454_NR_CS,crystallizable
Sample_3455_NR_CS,crystallizable
Sample_3456_NR_CS,crystallizable
Sample_3457_NR_CS,crystallizable
Sample_3460_NR_CS,crystallizable
Sample_3461_NR_CS,crystallizable
Sample_3462_NR_CS,crystallizable
Sample_3464_NR_CS,crystallizable
Sample_3465_NR_CS,crystallizable
Sample_3467_NR_CS,crystallizable
Sample_3468_NR_CS,crystallizable
Sample_3469_NR_CS,crystallizable
Sample_3471_NR_CS,crystallizable
Sample_3472_NR_CS,crystallizable
Sample_3473_NR_CS,crystallizable
Sample_3474_NR_CS,crystallizable
Sample_3475_NR_CS,crystallizable
Sample_3476_NR_CS,crystallizable
Sample_3477_NR_CS,crystallizable
Sample_3478_NR_CS,crystallizable
Sample_3479_NR_CS,crystallizable
Sample_3481_NR_CS,crystallizable
Sample_3482_NR_CS,crystallizable
Sample_3483_NR_CS,crystallizable
Sample_3484_NR_CS,crystallizable
Sample_3485_NR_CS,crystallizable
Sample_3486_NR_CS,crystallizable
Sample_3487_NR_CS,crystallizable
Sample_3488_NR_CS,crystallizable
Sample_3489_NR_CS,crystallizable
Sample_3490_NR_CS,crystallizable
Sample_3491_NR_CS,crystallizable
Sample_3493_NR_CS,crystallizable
Sample_3494_NR_CS,crystallizable
Sample_3495_NR_CS,crystallizable
Sample_3496_NR_CS,crystallizable
Sample_3497_NR_CS,crystallizable
Sample_3499_NR_CS,crystallizable
Sample_3500_NR_CS,crystallizable
Sample_3501_NR_CS,crystallizable
Sample_3502_NR_CS,crystallizable
Sample_3503_NR_CS,crystallizable
Sample_3504_NR_CS,crystallizable
Sample_3505_NR_CS,crystallizable
Sample_3506_NR_CS,crystallizable
Sample_3508_NR_CS,crystallizable
Sample_3509_NR_CS,crystallizable
Sample_3511_NR_CS,crystallizable
Sample_3512_NR_CS,crystallizable
Sample_3513_NR_CS,crystallizable
Sample_3517_NR_CS,crystallizable
Sample_3518_NR_CS,crystallizable
Sample_3519_NR_CS,crystallizable
Sample_3520_NR_CS,crystallizable
Sample_3521_NR_CS,crystallizable
Sample_3525_NR_CS,crystallizable
Sample_3526_NR_CS,crystallizable
Sample_3528_NR_CS,crystallizable
Sample_3529_NR_CS,crystallizable
Sample_3530_NR_CS,crystallizable
Sample_3531_NR_CS,crystallizable
Sample_3532_NR_CS,crystallizable
Sample_3534_NR_CS,crystallizable
Sample_3535_NR_CS,crystallizable
Sample_3536_NR_CS,crystallizable
Sample_3537_NR_CS,crystallizable
Sample_3539_NR_CS,crystallizable
Sample_3540_NR_CS,crystallizable
Sample_3541_NR_CS,crystallizable
Sample_3544_NR_CS,crystallizable
Sample_3545_NR_CS,crystallizable
Sample_3546_NR_CS,crystallizable
Sample_3548_NR_CS,crystallizable
Sample_3552_NR_CS,crystallizable
Sample_3553_NR_CS,crystallizable
Sample_3555_NR_CS,crystallizable
Sample_3556_NR_CS,crystallizable
Sample_3557_NR_CS,crystallizable
Sample_3558_NR_CS,crystallizable
Sample_3559_NR_CS,crystallizable
Sample_3560_NR_CS,crystallizable
Sample_3561_NR_CS,crystallizable
Sample_3564_NR_CS,crystallizable
Sample_3565_NR_CS,crystallizable
Sample_3566_NR_CS,crystallizable
Sample_3568_NR_CS,crystallizable
Sample_3569_NR_CS,crystallizable
Sample_3570_NR_CS,crystallizable
Sample_3571_NR_CS,crystallizable
Sample_3572_NR_CS,crystallizable
Sample_3575_NR_CS,crystallizable
Sample_3578_NR_CS,crystallizable
Sample_3579_NR_CS,crystallizable
Sample_3580_NR_CS,crystallizable
Sample_3583_NR_CS,crystallizable
Sample_3584_NR_CS,crystallizable
Sample_3585_NR_CS,crystallizable
Sample_3586_NR_CS,crystallizable
Sample_3587_NR_CS,crystallizable
Sample_3589_NR_CS,crystallizable
Sample_3591_NR_CS,crystallizable
Sample_3593_NR_CS,crystallizable
Sample_3594_NR_CS,crystallizable
Sample_3595_NR_CS,crystallizable
Sample_3597_NR_CS,crystallizable
Sample_3600_NR_CS,crystallizable
Sample_3601_NR_CS,crystallizable
Sample_3602_NR_CS,crystallizable
Sample_3603_NR_CS,crystallizable
Sample_3604_NR_CS,crystallizable
Sample_3605_NR_CS,crystallizable
Sample_3606_NR_CS,crystallizable
Sample_3609_NR_CS,crystallizable
Sample_3610_NR_CS,crystallizable
Sample_3615_NR_CS,crystallizable
Sample_3617_NR_CS,crystallizable
Sample_3619_NR_CS,crystallizable
Sample_3620_NR_CS,crystallizable
Sample_3621_NR_CS,crystallizable
Sample_3622_NR_CS,crystallizable
Sample_3623_NR_CS,crystallizable
Sample_3624_NR_CS,crystallizable
Sample_3626_NR_CS,crystallizable
Sample_3627_NR_CS,crystallizable
Sample_3628_NR_CS,crystallizable
Sample_3629_NR_CS,crystallizable
Sample_3630_NR_CS,crystallizable
Sample_3632_NR_CS,crystallizable
Sample_3633_NR_CS,crystallizable
Sample_3634_NR_CS,crystallizable
Sample_3639_NR_CS,crystallizable
Sample_3640_NR_CS,crystallizable
Sample_3641_NR_CS,crystallizable
Sample_3642_NR_CS,crystallizable
Sample_3645_NR_CS,crystallizable
Sample_3646_NR_CS,crystallizable
Sample_3647_NR_CS,crystallizable
Sample_3648_NR_CS,crystallizable
Sample_3651_NR_CS,crystallizable
Sample_3652_NR_CS,crystallizable
Sample_3653_NR_CS,crystallizable
Sample_3654_NR_CS,crystallizable
Sample_3656_NR_CS,crystallizable
Sample_3657_NR_CS,crystallizable
Sample_3658_NR_CS,crystallizable
Sample_3659_NR_CS,crystallizable
Sample_3660_NR_CS,crystallizable
Sample_3661_NR_CS,crystallizable
Sample_3662_NR_CS,crystallizable
Sample_3663_NR_CS,crystallizable
Sample_3669_NR_CS,crystallizable
Sample_3670_NR_CS,crystallizable
Sample_3671_NR_CS,crystallizable
Sample_3672_NR_CS,crystallizable
Sample_3673_NR_CS,crystallizable
Sample_3675_NR_CS,crystallizable
Sample_3676_NR_CS,crystallizable
Sample_3678_NR_CS,crystallizable
Sample_3679_NR_CS,crystallizable
Sample_3680_NR_CS,crystallizable
Sample_3681_NR_CS,crystallizable
Sample_3683_NR_CS,crystallizable
Sample_3684_NR_CS,crystallizable
Sample_3685_NR_CS,crystallizable
Sample_3686_NR_CS,crystallizable
Sample_3688_NR_CS,crystallizable
Sample_3689_NR_CS,crystallizable
Sample_3690_NR_CS,crystallizable
Sample_3691_NR_CS,crystallizable
Sample_3692_NR_CS,crystallizable
Sample_3693_NR_CS,crystallizable
Sample_3694_NR_CS,crystallizable
Sample_3695_NR_CS,crystallizable
Sample_3699_NR_CS,crystallizable
Sample_3700_NR_CS,crystallizable
Sample_3701_NR_CS,crystallizable
Sample_3703_NR_CS,crystallizable
Sample_3704_NR_CS,crystallizable
Sample_3705_NR_CS,crystallizable
Sample_3706_NR_CS,crystallizable
Sample_3709_NR_CS,crystallizable
Sample_3710_NR_CS,crystallizable
Sample_3711_NR_CS,crystallizable
Sample_3712_NR_CS,crystallizable
Sample_3714_NR_CS,crystallizable
Sample_3716_NR_CS,crystallizable
Sample_3717_NR_CS,crystallizable
Sample_3718_NR_CS,crystallizable
Sample_3719_NR_CS,crystallizable
Sample_3720_NR_CS,crystallizable
Sample_3721_NR_CS,crystallizable
Sample_3722_NR_CS,crystallizable
Sample_3723_NR_CS,crystallizable
Sample_3726_NR_CS,crystallizable
Sample_3727_NR_CS,crystallizable
Sample_3728_NR_CS,crystallizable
Sample_3729_NR_CS,crystallizable
Sample_3730_NR_CS,crystallizable
Sample_3731_NR_CS,crystallizable
Sample_3732_NR_CS,crystallizable
Sample_3733_NR_CS,crystallizable
Sample_3734_NR_CS,crystallizable
Sample_3735_NR_CS,crystallizable
Sample_3736_NR_CS,crystallizable
Sample_3737_NR_CS,crystallizable
Sample_3738_NR_CS,crystallizable
Sample_3740_NR_CS,crystallizable
Sample_3741_NR_CS,crystallizable
Sample_3742_NR_CS,crystallizable
Sample_3743_NR_CS,crystallizable
Sample_3744_NR_CS,crystallizable
Sample_3745_NR_CS,crystallizable
Sample_3747_NR_CS,crystallizable
Sample_3749_NR_CS,crystallizable
Sample_3750_NR_CS,crystallizable
Sample_3751_NR_CS,crystallizable
Sample_3753_NR_CS,crystallizable
Sample_3754_NR_CS,crystallizable
Sample_3755_NR_CS,crystallizable
Sample_3756_NR_CS,crystallizable
Sample_3757_NR_CS,crystallizable
Sample_3758_NR_CS,crystallizable
Sample_3759_NR_CS,crystallizable
Sample_3761_NR_CS,crystallizable
Sample_3763_NR_CS,crystallizable
Sample_3765_NR_CS,crystallizable
Sample_3766_NR_CS,crystallizable
Sample_3767_NR_CS,crystallizable
Sample_3768_NR_CS,crystallizable
Sample_3769_NR_CS,crystallizable
Sample_3770_NR_CS,crystallizable
Sample_3771_NR_CS,crystallizable
Sample_3772_NR_CS,crystallizable
Sample_3773_NR_CS,crystallizable
Sample_3774_NR_CS,crystallizable
Sample_3775_NR_CS,crystallizable
Sample_3776_NR_CS,crystallizable
Sample_3779_NR_CS,crystallizable
Sample_3780_NR_CS,crystallizable
Sample_3781_NR_CS,crystallizable
Sample_3782_NR_CS,crystallizable
Sample_3783_NR_CS,crystallizable
Sample_3785_NR_CS,crystallizable
Sample_3786_NR_CS,crystallizable
Sample_3789_NR_CS,crystallizable
Sample_3792_NR_CS,crystallizable
Sample_3796_NR_CS,crystallizable
